Type,Total Pct.,Calculation Pct.,EDER,DOR,gid,Case,Number of CPU Cores,Memory Constraints,Isolation Level,Lower Bound,Upper Bound
CPF,0.7167,0.5802,0.3731,0.4444,1,0,2,0.9,3,152.5808029950391,185.13321170439917
ICRB,0.7027,0.5641,0.5173,0.5556,1,0,2,0.9,3,152.5808029950391,185.13321170439917
STO,0.714,0.5283,0.8704,0.2222,1,0,2,0.9,3,152.5808029950391,185.13321170439917
Rand,0.7155,0.5351,0.8001,0.6667,1,0,2,0.9,3,152.5808029950391,185.13321170439917
CPF,0.7278,0.5639,0.6209,0.4444,1,0,2,0.9,3,127.95989032916981,156.04291805955657
ICRB,0.7279,0.5869,0.418,0.6667,1,0,2,0.9,3,127.95989032916981,156.04291805955657
STO,0.7374,0.5254,1.0,0.2222,1,0,2,0.9,3,127.95989032916981,156.04291805955657
Rand,0.7376,0.5442,0.8084,0.6667,1,0,2,0.9,3,127.95989032916981,156.04291805955657
CPF,0.7009,0.5417,0.5867,0.3333,1,0,2,0.9,3,146.6650755003108,179.36072497257354
ICRB,0.6976,0.5596,0.4248,0.4444,1,0,2,0.9,3,146.6650755003108,179.36072497257354
STO,0.7022,0.5454,0.5531,0.1111,1,0,2,0.9,3,146.6650755003108,179.36072497257354
Rand,0.7056,0.5546,0.4692,0.2222,1,0,2,0.9,3,146.6650755003108,179.36072497257354
CPF,0.3809,0.2927,0.5407,0.1111,1,1,3,0.9,3,179.01225069478923,217.7345827349711
ICRB,0.3765,0.302,0.3827,0.7778,1,1,3,0.9,3,179.01225069478923,217.7345827349711
STO,0.3802,0.2883,0.6204,0.1111,1,1,3,0.9,3,179.01225069478923,217.7345827349711
Rand,0.3753,0.2804,0.7673,1.0,1,1,3,0.9,3,179.01225069478923,217.7345827349711
CPF,0.4838,0.3701,0.699,0.3333,1,1,3,0.9,3,144.9339639180977,173.15026902123296
ICRB,0.4907,0.3882,0.4277,0.4444,1,1,3,0.9,3,144.9339639180977,173.15026902123296
STO,0.5006,0.3677,0.7376,0.2222,1,1,3,0.9,3,144.9339639180977,173.15026902123296
Rand,0.4935,0.352,1.0,0.5556,1,1,3,0.9,3,144.9339639180977,173.15026902123296
CPF,0.4605,0.3216,0.8167,0.4444,1,1,3,0.9,3,120.03235406534941,154.36024489929002
ICRB,0.4523,0.3342,0.6535,0.5556,1,1,3,0.9,3,120.03235406534941,154.36024489929002
STO,0.4547,0.321,0.825,0.1111,1,1,3,0.9,3,120.03235406534941,154.36024489929002
Rand,0.4517,0.3285,0.7252,0.5556,1,1,3,0.9,3,120.03235406534941,154.36024489929002
CPF,0.3906,0.3077,0.5127,0.3333,1,2,4,0.9,3,125.46337263982251,154.03783212514287
ICRB,0.3943,0.3158,0.3867,0.6667,1,2,4,0.9,3,125.46337263982251,154.03783212514287
STO,0.3919,0.2799,1.0,0.1111,1,2,4,0.9,3,125.46337263982251,154.03783212514287
Rand,0.3957,0.286,0.8847,0.5556,1,2,4,0.9,3,125.46337263982251,154.03783212514287
CPF,0.3647,0.2778,0.6547,0.3333,1,2,4,0.9,3,132.62604497008203,161.14753427053017
ICRB,0.3623,0.2891,0.4475,0.5556,1,2,4,0.9,3,132.62604497008203,161.14753427053017
STO,0.3779,0.2707,0.7941,0.2222,1,2,4,0.9,3,132.62604497008203,161.14753427053017
Rand,0.3779,0.2707,0.7941,0.5556,1,2,4,0.9,3,132.62604497008203,161.14753427053017
CPF,0.3602,0.264,0.7483,0.3333,1,2,4,0.9,3,130.78175778896582,157.7605819795253
ICRB,0.3437,0.2655,0.7167,0.5556,1,2,4,0.9,3,130.78175778896582,157.7605819795253
STO,0.3598,0.2573,0.8942,0.2222,1,2,4,0.9,3,130.78175778896582,157.7605819795253
Rand,0.3649,0.2691,0.6425,0.6667,1,2,4,0.9,3,130.78175778896582,157.7605819795253
CPF,0.2898,0.2226,0.5588,0.4444,1,3,5,0.9,3,139.35935003477633,164.17748911708895
ICRB,0.275,0.2126,0.8519,0.5556,1,3,5,0.9,3,139.35935003477633,164.17748911708895
STO,0.2906,0.2116,0.8802,0.2222,1,3,5,0.9,3,139.35935003477633,164.17748911708895
Rand,0.2979,0.2184,0.6786,0.4444,1,3,5,0.9,3,139.35935003477633,164.17748911708895
CPF,0.2753,0.2092,0.6749,0.3333,1,3,5,0.9,3,141.9208064839645,172.6897737862324
ICRB,0.2727,0.2122,0.5984,0.6667,1,3,5,0.9,3,141.9208064839645,172.6897737862324
STO,0.275,0.2026,0.8457,0.4444,1,3,5,0.9,3,141.9208064839645,172.6897737862324
Rand,0.2764,0.197,1.0,0.7778,1,3,5,0.9,3,141.9208064839645,172.6897737862324
CPF,0.2615,0.1967,0.7212,0.2222,1,3,5,0.9,3,142.1355550853459,168.82568820006114
ICRB,0.2601,0.2048,0.4825,0.6667,1,3,5,0.9,3,142.1355550853459,168.82568820006114
STO,0.2614,0.1963,0.7333,0.1111,1,3,5,0.9,3,142.1355550853459,168.82568820006114
Rand,0.2584,0.1968,0.7186,0.4444,1,3,5,0.9,3,142.1355550853459,168.82568820006114
CPF,0.2273,0.1816,0.475,0.2222,1,4,6,0.9,3,144.07567453628042,169.39514017189325
ICRB,0.2285,0.1854,0.3492,0.5556,1,4,6,0.9,3,144.07567453628042,169.39514017189325
STO,0.231,0.1723,0.81,0.2222,1,4,6,0.9,3,144.07567453628042,169.39514017189325
Rand,0.2251,0.1697,0.9087,0.6667,1,4,6,0.9,3,144.07567453628042,169.39514017189325
CPF,0.2321,0.1804,0.6713,0.4444,1,4,6,0.9,3,136.38787774170845,165.0365223665746
ICRB,0.2355,0.1897,0.4053,0.4444,1,4,6,0.9,3,136.38787774170845,165.0365223665746
STO,0.2435,0.1801,0.6819,0.2222,1,4,6,0.9,3,136.38787774170845,165.0365223665746
Rand,0.2421,0.1827,0.6033,0.5556,1,4,6,0.9,3,136.38787774170845,165.0365223665746
CPF,0.2638,0.2006,0.583,0.2222,1,4,6,0.9,3,111.43571814204537,137.5836186577419
ICRB,0.2579,0.2083,0.4041,0.6667,1,4,6,0.9,3,111.43571814204537,137.5836186577419
STO,0.2557,0.1847,1.0,0.1111,1,4,6,0.9,3,111.43571814204537,137.5836186577419
Rand,0.2644,0.2028,0.5315,0.4444,1,4,6,0.9,3,111.43571814204537,137.5836186577419
CPF,0.4475,0.347,0.3399,0.4444,1,5,4,1.0,3,111.94362929863706,133.90124160890105
ICRB,0.422,0.3215,0.7722,0.4444,1,5,4,1.0,3,111.94362929863706,133.90124160890105
STO,0.454,0.3331,0.5677,0.1111,1,5,4,1.0,3,111.94362929863706,133.90124160890105
Rand,0.4536,0.3325,0.5781,0.5556,1,5,4,1.0,3,111.94362929863706,133.90124160890105
CPF,0.436,0.355,0.2016,0.3333,1,5,4,1.0,3,119.88142530807195,137.21165954140955
ICRB,0.4141,0.3366,0.5904,0.5556,1,5,4,1.0,3,119.88142530807195,137.21165954140955
STO,0.4436,0.3492,0.319,0.1111,1,5,4,1.0,3,119.88142530807195,137.21165954140955
Rand,0.431,0.3265,0.8213,0.5556,1,5,4,1.0,3,119.88142530807195,137.21165954140955
CPF,0.445,0.3504,0.212,0.3333,1,5,4,1.0,3,95.91257499750084,114.32880477229895
ICRB,0.4181,0.325,0.6364,0.3333,1,5,4,1.0,3,95.91257499750084,114.32880477229895
STO,0.4611,0.3391,0.393,0.1111,1,5,4,1.0,3,95.91257499750084,114.32880477229895
Rand,0.4176,0.3059,1.0,0.6667,1,5,4,1.0,3,95.91257499750084,114.32880477229895
CPF,0.3582,0.2728,0.6487,0.4444,1,6,4,0.95,3,127.57730095349552,154.04065394338514
ICRB,0.3633,0.2856,0.4038,0.4444,1,6,4,0.95,3,127.57730095349552,154.04065394338514
STO,0.3517,0.2651,0.8075,0.2222,1,6,4,0.95,3,127.57730095349552,154.04065394338514
Rand,0.3547,0.2652,0.8052,0.6667,1,6,4,0.95,3,127.57730095349552,154.04065394338514
CPF,0.3461,0.2487,0.7097,0.4444,1,6,4,0.95,3,131.42430456570955,167.79934603981167
ICRB,0.3455,0.2613,0.5013,0.7778,1,6,4,0.95,3,131.42430456570955,167.79934603981167
STO,0.3518,0.2445,0.7829,0.2222,1,6,4,0.95,3,131.42430456570955,167.79934603981167
Rand,0.3401,0.233,1.0,0.6667,1,6,4,0.95,3,131.42430456570955,167.79934603981167
CPF,0.4459,0.349,0.1437,0.3333,1,6,4,0.95,3,102.44246253090122,119.47911147368738
ICRB,0.4208,0.3202,0.6959,0.4444,1,6,4,0.95,3,102.44246253090122,119.47911147368738
STO,0.4488,0.3215,0.6702,0.1111,1,6,4,0.95,3,102.44246253090122,119.47911147368738
Rand,0.4435,0.3129,0.8524,0.5556,1,6,4,0.95,3,102.44246253090122,119.47911147368738
CPF,0.3513,0.2656,0.6136,0.3333,1,7,4,0.85,3,160.55813362109222,191.71484298280834
ICRB,0.3372,0.2644,0.6387,0.6667,1,7,4,0.85,3,160.55813362109222,191.71484298280834
STO,0.3569,0.2646,0.6343,0.1111,1,7,4,0.85,3,160.55813362109222,191.71484298280834
Rand,0.3523,0.2532,0.8948,0.6667,1,7,4,0.85,3,160.55813362109222,191.71484298280834
CPF,0.3883,0.2967,0.7049,0.3333,1,7,4,0.85,3,120.68685224393825,148.60925885202738
ICRB,0.3903,0.3053,0.5644,0.5556,1,7,4,0.85,3,120.68685224393825,148.60925885202738
STO,0.3987,0.2945,0.7434,0.1111,1,7,4,0.85,3,120.68685224393825,148.60925885202738
Rand,0.3827,0.2872,0.8709,0.6667,1,7,4,0.85,3,120.68685224393825,148.60925885202738
CPF,0.3429,0.2755,0.6195,0.5556,1,7,4,0.85,3,141.87004420539387,166.66716559402838
ICRB,0.3462,0.2805,0.5068,0.6667,1,7,4,0.85,3,141.87004420539387,166.66716559402838
STO,0.3447,0.2666,0.8304,0.1111,1,7,4,0.85,3,141.87004420539387,166.66716559402838
Rand,0.3471,0.2599,1.0,0.5556,1,7,4,0.85,3,141.87004420539387,166.66716559402838
CPF,0.3106,0.2267,0.6506,0.2222,1,8,4,0.8,3,137.0635139428243,175.33969130628392
ICRB,0.3071,0.2311,0.5706,0.4444,1,8,4,0.8,3,137.0635139428243,175.33969130628392
STO,0.3094,0.2221,0.7373,0.2222,1,8,4,0.8,3,137.0635139428243,175.33969130628392
Rand,0.3047,0.2094,1.0,0.5556,1,8,4,0.8,3,137.0635139428243,175.33969130628392
CPF,0.3413,0.2824,0.3312,0.2222,1,8,4,0.8,3,139.73319513386062,161.6020632163921
ICRB,0.3366,0.2816,0.3511,0.4444,1,8,4,0.8,3,139.73319513386062,161.6020632163921
STO,0.3444,0.2666,0.7297,0.1111,1,8,4,0.8,3,139.73319513386062,161.6020632163921
Rand,0.3415,0.2693,0.6593,0.4444,1,8,4,0.8,3,139.73319513386062,161.6020632163921
CPF,0.3413,0.2747,0.5388,0.2222,1,8,4,0.8,3,155.5815157852049,187.2721786627289
ICRB,0.3335,0.2625,0.7915,0.5556,1,8,4,0.8,3,155.5815157852049,187.2721786627289
STO,0.3464,0.2747,0.5388,0.2222,1,8,4,0.8,3,155.5815157852049,187.2721786627289
Rand,0.3392,0.2655,0.7263,0.5556,1,8,4,0.8,3,155.5815157852049,187.2721786627289
CPF,0.27,0.2055,0.5576,0.2222,1,9,4,0.75,3,168.8964311841725,211.5583369789889
ICRB,0.2708,0.2139,0.3816,0.7778,1,9,4,0.75,3,168.8964311841725,211.5583369789889
STO,0.2687,0.1919,0.8776,0.2222,1,9,4,0.75,3,168.8964311841725,211.5583369789889
Rand,0.2694,0.1995,0.693,0.7778,1,9,4,0.75,3,168.8964311841725,211.5583369789889
CPF,0.25,0.2018,0.6262,0.6667,1,9,4,0.75,3,207.3957354603223,241.83457830181402
ICRB,0.25,0.2087,0.4064,0.7778,1,9,4,0.75,3,207.3957354603223,241.83457830181402
STO,0.25,0.1971,0.7825,0.1111,1,9,4,0.75,3,207.3957354603223,241.83457830181402
Rand,0.25,0.1964,0.8068,1.0,1,9,4,0.75,3,207.3957354603223,241.83457830181402
CPF,0.2768,0.2231,0.5467,0.2222,1,9,4,0.75,3,174.44332546274515,210.67697350711978
ICRB,0.2773,0.2281,0.43,0.8889,1,9,4,0.75,3,174.44332546274515,210.67697350711978
STO,0.2819,0.212,0.8266,0.1111,1,9,4,0.75,3,174.44332546274515,210.67697350711978
Rand,0.2825,0.2159,0.7268,0.8889,1,9,4,0.75,3,174.44332546274515,210.67697350711978
CPF,0.3288,0.2465,0.7679,0.25,1,10,4,0.9,1.5,147.17502863477506,182.6164665836409
ICRB,0.3326,0.2584,0.5425,0.75,1,10,4,0.9,1.5,147.17502863477506,182.6164665836409
STO,0.3312,0.2354,1.0,0.375,1,10,4,0.9,1.5,147.17502863477506,182.6164665836409
Rand,0.3354,0.2476,0.7468,0.875,1,10,4,0.9,1.5,147.17502863477506,182.6164665836409
CPF,0.3084,0.2214,0.8257,0.25,1,10,4,0.9,1.5,160.49117699780473,201.0453399528151
ICRB,0.3065,0.2385,0.4826,0.75,1,10,4,0.9,1.5,160.49117699780473,201.0453399528151
STO,0.3118,0.2227,0.7972,0.25,1,10,4,0.9,1.5,160.49117699780473,201.0453399528151
Rand,0.3093,0.2136,1.0,0.625,1,10,4,0.9,1.5,160.49117699780473,201.0453399528151
CPF,0.3434,0.2611,0.7494,0.625,1,10,4,0.9,1.5,136.86817469710854,163.02436942128548
ICRB,0.3436,0.274,0.4669,0.75,1,10,4,0.9,1.5,136.86817469710854,163.02436942128548
STO,0.352,0.2566,0.8528,0.125,1,10,4,0.9,1.5,136.86817469710854,163.02436942128548
Rand,0.3496,0.2506,1.0,1.0,1,10,4,0.9,1.5,136.86817469710854,163.02436942128548
CPF,0.3361,0.258,0.5217,0.1111,1,11,4,0.9,5,133.30646765812116,159.64290938364348
ICRB,0.3282,0.2572,0.5405,0.3333,1,11,4,0.9,5,133.30646765812116,159.64290938364348
STO,0.3354,0.2483,0.7412,0.1111,1,11,4,0.9,5,133.30646765812116,159.64290938364348
Rand,0.3329,0.2431,0.8655,0.4444,1,11,4,0.9,5,133.30646765812116,159.64290938364348
CPF,0.3536,0.2768,0.6506,0.5556,1,11,4,0.9,5,136.3374495875267,163.22421909063632
ICRB,0.3445,0.2666,0.8698,0.4444,1,11,4,0.9,5,136.3374495875267,163.22421909063632
STO,0.3631,0.2801,0.5825,0.1111,1,11,4,0.9,5,136.3374495875267,163.22421909063632
Rand,0.3528,0.2683,0.8317,0.3333,1,11,4,0.9,5,136.3374495875267,163.22421909063632
CPF,0.363,0.2872,0.5485,0.2222,1,11,4,0.9,5,133.63498465217342,157.77362756231503
ICRB,0.3614,0.2942,0.4038,0.4444,1,11,4,0.9,5,133.63498465217342,157.77362756231503
STO,0.3589,0.277,0.7712,0.1111,1,11,4,0.9,5,133.63498465217342,157.77362756231503
Rand,0.3706,0.2788,0.732,0.4444,1,11,4,0.9,5,133.63498465217342,157.77362756231503
CPF,0.3733,0.3077,0.3607,0.1,1,12,4,0.9,7.5,133.88212898491201,158.4193695974477
ICRB,0.3745,0.3107,0.3058,0.4,1,12,4,0.9,7.5,133.88212898491201,158.4193695974477
STO,0.3733,0.3077,0.3607,0.1,1,12,4,0.9,7.5,133.88212898491201,158.4193695974477
Rand,0.3688,0.2826,0.8785,0.5,1,12,4,0.9,7.5,133.88212898491201,158.4193695974477
CPF,0.3526,0.2693,0.4714,0.2,1,12,4,0.9,7.5,125.31453895948846,158.62542201280257
ICRB,0.3509,0.2695,0.4684,0.4,1,12,4,0.9,7.5,125.31453895948846,158.62542201280257
STO,0.3526,0.2693,0.4714,0.2,1,12,4,0.9,7.5,125.31453895948846,158.62542201280257
Rand,0.365,0.2565,0.6818,0.3,1,12,4,0.9,7.5,125.31453895948846,158.62542201280257
CPF,0.4102,0.3214,0.5086,0.3,1,12,4,0.9,7.5,113.15057582328144,141.60914052855713
ICRB,0.4066,0.3142,0.6119,0.3,1,12,4,0.9,7.5,113.15057582328144,141.60914052855713
STO,0.412,0.3214,0.5086,0.1,1,12,4,0.9,7.5,113.15057582328144,141.60914052855713
Rand,0.411,0.3136,0.6205,0.5,1,12,4,0.9,7.5,113.15057582328144,141.60914052855713
CPF,0.3595,0.2868,0.3057,0.1,1,13,4,0.9,10.5,122.74945932786505,153.48800573882536
ICRB,0.3541,0.2726,0.5305,0.2,1,13,4,0.9,10.5,122.74945932786505,153.48800573882536
STO,0.3771,0.2863,0.3133,0.1,1,13,4,0.9,10.5,122.74945932786505,153.48800573882536
Rand,0.3704,0.2772,0.4546,0.2,1,13,4,0.9,10.5,122.74945932786505,153.48800573882536
CPF,0.3757,0.3084,0.3211,0.2,1,13,4,0.9,10.5,121.58060539222303,146.88804552487358
ICRB,0.3757,0.3084,0.3211,0.2,1,13,4,0.9,10.5,121.58060539222303,146.88804552487358
STO,0.3797,0.3028,0.4161,0.1,1,13,4,0.9,10.5,121.58060539222303,146.88804552487358
Rand,0.3812,0.2845,0.7524,0.3,1,13,4,0.9,10.5,121.58060539222303,146.88804552487358
CPF,0.3975,0.3264,0.392,0.1,1,13,4,0.9,10.5,116.14420651838115,143.59412747049026
ICRB,0.3937,0.3179,0.5155,0.1,1,13,4,0.9,10.5,116.14420651838115,143.59412747049026
STO,0.4021,0.3266,0.389,0.1,1,13,4,0.9,10.5,116.14420651838115,143.59412747049026
Rand,0.4058,0.3066,0.6902,0.3,1,13,4,0.9,10.5,116.14420651838115,143.59412747049026
CPF,0.8114,0.4864,0.8494,0.3333,2,0,2,0.9,3,260.68032464833016,372.6831214192571
ICRB,0.8201,0.4974,0.7791,0.5,2,0,2,0.9,3,260.68032464833016,372.6831214192571
STO,0.8229,0.4738,0.9341,0.0556,2,0,2,0.9,3,260.68032464833016,372.6831214192571
Rand,0.8159,0.4745,0.9289,0.7778,2,0,2,0.9,3,260.68032464833016,372.6831214192571
CPF,0.7929,0.4977,0.8058,0.5,2,0,2,0.9,3,273.3260697534852,382.50461876486287
ICRB,0.7975,0.5098,0.7273,0.5,2,0,2,0.9,3,273.3260697534852,382.50461876486287
STO,0.8144,0.4972,0.8095,0.1111,2,0,2,0.9,3,273.3260697534852,382.50461876486287
Rand,0.7942,0.4883,0.8699,0.8333,2,0,2,0.9,3,273.3260697534852,382.50461876486287
CPF,0.8147,0.4943,0.7816,0.5,2,0,2,0.9,3,269.52013657512924,389.66377818904175
ICRB,0.8043,0.4985,0.7558,0.5556,2,0,2,0.9,3,269.52013657512924,389.66377818904175
STO,0.8052,0.4696,0.9405,0.1111,2,0,2,0.9,3,269.52013657512924,389.66377818904175
Rand,0.7861,0.4802,0.8705,0.7778,2,0,2,0.9,3,269.52013657512924,389.66377818904175
CPF,0.6481,0.4136,0.8484,0.4444,2,1,3,0.9,3,225.6102420573455,319.85759308896644
ICRB,0.6582,0.431,0.7179,0.5,2,1,3,0.9,3,225.6102420573455,319.85759308896644
STO,0.6684,0.4152,0.8362,0.0556,2,1,3,0.9,3,225.6102420573455,319.85759308896644
Rand,0.6511,0.3951,1.0,0.8333,2,1,3,0.9,3,225.6102420573455,319.85759308896644
CPF,0.6512,0.4049,0.8481,0.3889,2,1,3,0.9,3,223.6239702439793,318.77966000351
ICRB,0.6588,0.416,0.763,0.4444,2,1,3,0.9,3,223.6239702439793,318.77966000351
STO,0.6658,0.4061,0.839,0.1111,2,1,3,0.9,3,223.6239702439793,318.77966000351
Rand,0.6589,0.3954,0.925,0.8889,2,1,3,0.9,3,223.6239702439793,318.77966000351
CPF,0.6586,0.3957,0.83,0.5,2,1,3,0.9,3,223.8363796193231,316.636144180257
ICRB,0.6605,0.4055,0.7517,0.3889,2,1,3,0.9,3,223.8363796193231,316.636144180257
STO,0.6686,0.3827,0.9406,0.0556,2,1,3,0.9,3,223.8363796193231,316.636144180257
Rand,0.6689,0.3821,0.9455,0.7222,2,1,3,0.9,3,223.8363796193231,316.636144180257
CPF,0.5076,0.3131,0.7448,0.5,2,2,4,0.9,3,206.76650099966466,302.6981236151904
ICRB,0.4967,0.3062,0.8097,0.3333,2,2,4,0.9,3,206.76650099966466,302.6981236151904
STO,0.5099,0.2997,0.8745,0.1111,2,2,4,0.9,3,206.76650099966466,302.6981236151904
Rand,0.4993,0.2976,0.8951,0.7778,2,2,4,0.9,3,206.76650099966466,302.6981236151904
CPF,0.5247,0.3367,0.8039,0.4444,2,2,4,0.9,3,212.31003400995075,299.00928984586676
ICRB,0.5323,0.3512,0.6694,0.2778,2,2,4,0.9,3,212.31003400995075,299.00928984586676
STO,0.5266,0.3281,0.889,0.2222,2,2,4,0.9,3,212.31003400995075,299.00928984586676
Rand,0.5402,0.3303,0.8672,0.7222,2,2,4,0.9,3,212.31003400995075,299.00928984586676
CPF,0.5443,0.3321,0.7739,0.3889,2,2,4,0.9,3,181.10574329981077,267.47476577216503
ICRB,0.5306,0.3284,0.8059,0.4444,2,2,4,0.9,3,181.10574329981077,267.47476577216503
STO,0.5582,0.333,0.7661,0.0556,2,2,4,0.9,3,181.10574329981077,267.47476577216503
Rand,0.5494,0.3197,0.8846,0.5556,2,2,4,0.9,3,181.10574329981077,267.47476577216503
CPF,0.4872,0.3033,0.7736,0.5556,2,3,5,0.9,3,178.7750034748885,260.95399362782075
ICRB,0.4622,0.3025,0.7818,0.2778,2,3,5,0.9,3,178.7750034748885,260.95399362782075
STO,0.4991,0.3022,0.7846,0.1111,2,3,5,0.9,3,178.7750034748885,260.95399362782075
Rand,0.4767,0.2879,0.9317,0.7222,2,3,5,0.9,3,178.7750034748885,260.95399362782075
CPF,0.4808,0.3035,0.6897,0.5,2,3,5,0.9,3,167.73816605775696,252.91587940667262
ICRB,0.4813,0.3023,0.7006,0.5,2,3,5,0.9,3,167.73816605775696,252.91587940667262
STO,0.4957,0.2964,0.7536,0.1667,2,3,5,0.9,3,167.73816605775696,252.91587940667262
Rand,0.4823,0.2827,0.8855,0.5556,2,3,5,0.9,3,167.73816605775696,252.91587940667262
CPF,0.4329,0.2798,0.7356,0.5556,2,3,5,0.9,3,203.3009879239442,295.1909328158854
ICRB,0.4404,0.2861,0.6713,0.4444,2,3,5,0.9,3,203.3009879239442,295.1909328158854
STO,0.443,0.2722,0.819,0.1667,2,3,5,0.9,3,203.3009879239442,295.1909328158854
Rand,0.4458,0.2731,0.8089,0.6667,2,3,5,0.9,3,203.3009879239442,295.1909328158854
CPF,0.4148,0.2649,0.6494,0.3889,2,4,6,0.9,3,177.06712828736,247.99521314082494
ICRB,0.4065,0.2612,0.6939,0.4444,2,4,6,0.9,3,177.06712828736,247.99521314082494
STO,0.4283,0.2585,0.7272,0.1111,2,4,6,0.9,3,177.06712828736,247.99521314082494
Rand,0.4095,0.2518,0.8122,0.4444,2,4,6,0.9,3,177.06712828736,247.99521314082494
CPF,0.4211,0.27,0.7366,0.5,2,4,6,0.9,3,173.86011352663394,248.74802763567746
ICRB,0.4172,0.2676,0.7639,0.3889,2,4,6,0.9,3,173.86011352663394,248.74802763567746
STO,0.4228,0.2598,0.8564,0.1111,2,4,6,0.9,3,173.86011352663394,248.74802763567746
Rand,0.4234,0.2614,0.8369,0.5556,2,4,6,0.9,3,173.86011352663394,248.74802763567746
CPF,0.4403,0.2777,0.6979,0.6667,2,4,6,0.9,3,157.81420098369097,229.70015920231492
ICRB,0.4276,0.2657,0.8279,0.3333,2,4,6,0.9,3,157.81420098369097,229.70015920231492
STO,0.4461,0.2622,0.8682,0.0556,2,4,6,0.9,3,157.81420098369097,229.70015920231492
Rand,0.4357,0.2589,0.9076,0.4444,2,4,6,0.9,3,157.81420098369097,229.70015920231492
CPF,0.5433,0.3517,0.6589,0.4444,2,5,4,1.0,3,191.43166356981976,283.8705859137674
ICRB,0.5368,0.3492,0.6788,0.4444,2,5,4,1.0,3,191.43166356981976,283.8705859137674
STO,0.5389,0.3253,0.881,0.1111,2,5,4,1.0,3,191.43166356981976,283.8705859137674
Rand,0.5305,0.3127,1.0,0.5556,2,5,4,1.0,3,191.43166356981976,283.8705859137674
CPF,0.5376,0.3521,0.759,0.4444,2,5,4,1.0,3,197.9830205148735,282.7418872697417
ICRB,0.5391,0.3509,0.7694,0.3889,2,5,4,1.0,3,197.9830205148735,282.7418872697417
STO,0.5496,0.352,0.7594,0.1667,2,5,4,1.0,3,197.9830205148735,282.7418872697417
Rand,0.5327,0.3301,0.9644,0.4444,2,5,4,1.0,3,197.9830205148735,282.7418872697417
CPF,0.5723,0.353,0.7467,0.5556,2,5,4,1.0,3,186.1456640529872,272.42206329346794
ICRB,0.5584,0.3477,0.7903,0.3333,2,5,4,1.0,3,186.1456640529872,272.42206329346794
STO,0.585,0.3473,0.794,0.0556,2,5,4,1.0,3,186.1456640529872,272.42206329346794
Rand,0.5651,0.335,0.902,0.5556,2,5,4,1.0,3,186.1456640529872,272.42206329346794
CPF,0.5744,0.3434,0.8297,0.4444,2,6,4,0.95,3,172.17473368731717,256.3635721154883
ICRB,0.5619,0.3524,0.756,0.2222,2,6,4,0.95,3,172.17473368731717,256.3635721154883
STO,0.5873,0.3513,0.7649,0.0556,2,6,4,0.95,3,172.17473368731717,256.3635721154883
Rand,0.5653,0.3321,0.9276,0.5556,2,6,4,0.95,3,172.17473368731717,256.3635721154883
CPF,0.5318,0.3362,0.8138,0.4444,2,6,4,0.95,3,197.88324596254603,280.51205375583015
ICRB,0.5515,0.3437,0.744,0.5556,2,6,4,0.95,3,197.88324596254603,280.51205375583015
STO,0.5528,0.3259,0.9154,0.0,2,6,4,0.95,3,197.88324596254603,280.51205375583015
Rand,0.5503,0.3291,0.8829,0.7778,2,6,4,0.95,3,197.88324596254603,280.51205375583015
CPF,0.547,0.332,0.6981,0.3333,2,6,4,0.95,3,186.7660424305845,280.0940670083733
ICRB,0.5395,0.3339,0.6833,0.3889,2,6,4,0.95,3,186.7660424305845,280.0940670083733
STO,0.5488,0.3123,0.8687,0.0556,2,6,4,0.95,3,186.7660424305845,280.0940670083733
Rand,0.5553,0.3152,0.8427,0.5556,2,6,4,0.95,3,186.7660424305845,280.0940670083733
CPF,0.4801,0.3081,0.6974,0.5,2,7,4,0.85,3,225.60176422836344,329.4894277738154
ICRB,0.4698,0.3044,0.7317,0.3889,2,7,4,0.85,3,225.60176422836344,329.4894277738154
STO,0.4802,0.2938,0.8365,0.1667,2,7,4,0.85,3,225.60176422836344,329.4894277738154
Rand,0.4731,0.2905,0.871,0.7778,2,7,4,0.85,3,225.60176422836344,329.4894277738154
CPF,0.5352,0.3477,0.7325,0.5556,2,7,4,0.85,3,197.06134685594833,283.5151042491234
ICRB,0.536,0.3465,0.7434,0.3889,2,7,4,0.85,3,197.06134685594833,283.5151042491234
STO,0.547,0.3304,0.8905,0.1111,2,7,4,0.85,3,197.06134685594833,283.5151042491234
Rand,0.5469,0.3277,0.9161,0.5556,2,7,4,0.85,3,197.06134685594833,283.5151042491234
CPF,0.5261,0.3365,0.7725,0.5556,2,7,4,0.85,3,201.7085088582236,297.1721570587257
ICRB,0.532,0.3424,0.7226,0.4444,2,7,4,0.85,3,201.7085088582236,297.1721570587257
STO,0.5392,0.329,0.8382,0.0556,2,7,4,0.85,3,201.7085088582236,297.1721570587257
Rand,0.5382,0.3329,0.8039,0.6111,2,7,4,0.85,3,201.7085088582236,297.1721570587257
CPF,0.4769,0.291,0.7141,0.5,2,8,4,0.8,3,208.20020752494196,310.36332004540725
ICRB,0.4794,0.2864,0.7581,0.3333,2,8,4,0.8,3,208.20020752494196,310.36332004540725
STO,0.4866,0.2833,0.7886,0.0,2,8,4,0.8,3,208.20020752494196,310.36332004540725
Rand,0.4731,0.2718,0.9085,0.7222,2,8,4,0.8,3,208.20020752494196,310.36332004540725
CPF,0.4889,0.2859,0.6625,0.6111,2,8,4,0.8,3,204.921310461908,315.507568444188
ICRB,0.4585,0.2725,0.786,0.3889,2,8,4,0.8,3,204.921310461908,315.507568444188
STO,0.4629,0.2608,0.9049,0.2222,2,8,4,0.8,3,204.921310461908,315.507568444188
Rand,0.4649,0.2569,0.9463,0.6667,2,8,4,0.8,3,204.921310461908,315.507568444188
CPF,0.504,0.3068,0.8203,0.6111,2,8,4,0.8,3,197.7726705794135,297.6412463258784
ICRB,0.5119,0.3148,0.7495,0.5,2,8,4,0.8,3,197.7726705794135,297.6412463258784
STO,0.5211,0.2994,0.8895,0.2778,2,8,4,0.8,3,197.7726705794135,297.6412463258784
Rand,0.5149,0.3048,0.8387,0.7222,2,8,4,0.8,3,197.7726705794135,297.6412463258784
CPF,0.4139,0.2528,0.7629,0.5,2,9,4,0.75,3,225.0094190784697,346.39715601484534
ICRB,0.4219,0.255,0.7403,0.3889,2,9,4,0.75,3,225.0094190784697,346.39715601484534
STO,0.4238,0.2453,0.8425,0.1111,2,9,4,0.75,3,225.0094190784697,346.39715601484534
Rand,0.4242,0.2418,0.8813,0.8889,2,9,4,0.75,3,225.0094190784697,346.39715601484534
CPF,0.4199,0.2581,0.7779,0.6667,2,9,4,0.75,3,244.36715689437625,365.29437994195075
ICRB,0.413,0.2618,0.7391,0.4444,2,9,4,0.75,3,244.36715689437625,365.29437994195075
STO,0.4214,0.2478,0.8944,0.1111,2,9,4,0.75,3,244.36715689437625,365.29437994195075
Rand,0.4228,0.2505,0.8626,0.7222,2,9,4,0.75,3,244.36715689437625,365.29437994195075
CPF,0.4797,0.2961,0.7863,0.6111,2,9,4,0.75,3,206.16967983410146,311.4178991365161
ICRB,0.48,0.2904,0.8402,0.3889,2,9,4,0.75,3,206.16967983410146,311.4178991365161
STO,0.4809,0.2874,0.8688,0.1667,2,9,4,0.75,3,206.16967983410146,311.4178991365161
Rand,0.4753,0.2805,0.9383,0.8333,2,9,4,0.75,3,206.16967983410146,311.4178991365161
CPF,0.5353,0.3221,0.7791,0.5625,2,10,4,0.9,1.5,193.73175604111498,280.66167636772275
ICRB,0.5228,0.3206,0.7931,0.6875,2,10,4,0.9,1.5,193.73175604111498,280.66167636772275
STO,0.5328,0.3123,0.873,0.125,2,10,4,0.9,1.5,193.73175604111498,280.66167636772275
Rand,0.5294,0.3102,0.8949,0.6875,2,10,4,0.9,1.5,193.73175604111498,280.66167636772275
CPF,0.4653,0.2776,0.7902,0.6875,2,10,4,0.9,1.5,219.38260939945235,322.0304559272746
ICRB,0.4622,0.2772,0.7946,0.75,2,10,4,0.9,1.5,219.38260939945235,322.0304559272746
STO,0.4668,0.2652,0.9273,0.125,2,10,4,0.9,1.5,219.38260939945235,322.0304559272746
Rand,0.4538,0.2624,0.9602,0.8125,2,10,4,0.9,1.5,219.38260939945235,322.0304559272746
CPF,0.5587,0.3483,0.7883,0.5625,2,10,4,0.9,1.5,184.8703531707066,263.81152340623896
ICRB,0.541,0.3463,0.8059,0.625,2,10,4,0.9,1.5,184.8703531707066,263.81152340623896
STO,0.56,0.3449,0.8187,0.125,2,10,4,0.9,1.5,184.8703531707066,263.81152340623896
Rand,0.5457,0.3424,0.8421,0.875,2,10,4,0.9,1.5,184.8703531707066,263.81152340623896
CPF,0.5388,0.3442,0.7398,0.35,2,11,4,0.9,5,196.7769053269556,280.16593152486246
ICRB,0.5495,0.3598,0.6053,0.35,2,11,4,0.9,5,196.7769053269556,280.16593152486246
STO,0.5586,0.3376,0.8006,0.05,2,11,4,0.9,5,196.7769053269556,280.16593152486246
Rand,0.5432,0.3259,0.9141,0.65,2,11,4,0.9,5,196.7769053269556,280.16593152486246
CPF,0.5449,0.328,0.7307,0.4,2,11,4,0.9,5,181.13793496051122,269.51762382082086
ICRB,0.5532,0.3368,0.6583,0.4,2,11,4,0.9,5,181.13793496051122,269.51762382082086
STO,0.5575,0.3192,0.8073,0.1,2,11,4,0.9,5,181.13793496051122,269.51762382082086
Rand,0.5461,0.2997,0.9936,0.7,2,11,4,0.9,5,181.13793496051122,269.51762382082086
CPF,0.5313,0.333,0.7128,0.4,2,11,4,0.9,5,190.20354439374447,284.41900090412423
ICRB,0.5322,0.3501,0.5792,0.3,2,11,4,0.9,5,190.20354439374447,284.41900090412423
STO,0.5507,0.3404,0.6535,0.05,2,11,4,0.9,5,190.20354439374447,284.41900090412423
Rand,0.5287,0.316,0.8601,0.65,2,11,4,0.9,5,190.20354439374447,284.41900090412423
CPF,0.5241,0.3442,0.4443,0.4,2,12,4,0.9,7.5,201.76324370285118,288.80757188089103
ICRB,0.4915,0.3105,0.7433,0.35,2,12,4,0.9,7.5,201.76324370285118,288.80757188089103
STO,0.504,0.3116,0.7333,0.15,2,12,4,0.9,7.5,201.76324370285118,288.80757188089103
Rand,0.4969,0.3085,0.7634,0.6,2,12,4,0.9,7.5,201.76324370285118,288.80757188089103
CPF,0.5116,0.3352,0.7644,0.45,2,12,4,0.9,7.5,211.49938757809048,297.2289018932052
ICRB,0.5186,0.3526,0.6051,0.3,2,12,4,0.9,7.5,211.49938757809048,297.2289018932052
STO,0.5243,0.3293,0.8224,0.1,2,12,4,0.9,7.5,211.49938757809048,297.2289018932052
Rand,0.5265,0.3273,0.8424,0.6,2,12,4,0.9,7.5,211.49938757809048,297.2289018932052
CPF,0.5315,0.325,0.6728,0.55,2,12,4,0.9,7.5,179.1565336890805,266.8239621938819
ICRB,0.5166,0.3179,0.7342,0.35,2,12,4,0.9,7.5,179.1565336890805,266.8239621938819
STO,0.5344,0.3266,0.6602,0.1,2,12,4,0.9,7.5,179.1565336890805,266.8239621938819
Rand,0.5115,0.2901,1.0,0.65,2,12,4,0.9,7.5,179.1565336890805,266.8239621938819
CPF,0.5591,0.371,0.6721,0.1905,2,13,4,0.9,10.5,186.05048530285288,267.7794923325932
ICRB,0.5587,0.3684,0.6934,0.1905,2,13,4,0.9,10.5,186.05048530285288,267.7794923325932
STO,0.5983,0.3862,0.5565,0.0476,2,13,4,0.9,10.5,186.05048530285288,267.7794923325932
Rand,0.57,0.3697,0.6826,0.2857,2,13,4,0.9,10.5,186.05048530285288,267.7794923325932
CPF,0.5429,0.3505,0.591,0.4762,2,13,4,0.9,10.5,172.74113578728148,258.05930471367697
ICRB,0.5317,0.33,0.7532,0.2381,2,13,4,0.9,10.5,172.74113578728148,258.05930471367697
STO,0.5761,0.3506,0.59,0.0952,2,13,4,0.9,10.5,172.74113578728148,258.05930471367697
Rand,0.5561,0.3218,0.8242,0.5238,2,13,4,0.9,10.5,172.74113578728148,258.05930471367697
CPF,0.5363,0.3576,0.5493,0.3333,2,13,4,0.9,10.5,184.292171275293,277.0856422127364
ICRB,0.5398,0.342,0.6653,0.2381,2,13,4,0.9,10.5,184.292171275293,277.0856422127364
STO,0.569,0.3524,0.5872,0.1429,2,13,4,0.9,10.5,184.292171275293,277.0856422127364
Rand,0.541,0.3313,0.7506,0.5238,2,13,4,0.9,10.5,184.292171275293,277.0856422127364
CPF,0.9422,0.652,0.706,0.3667,3,0,2,0.9,3,369.2325975639426,502.28529394240576
ICRB,0.9339,0.6671,0.6274,0.4333,3,0,2,0.9,3,369.2325975639426,502.28529394240576
STO,0.9381,0.6179,0.8984,0.0667,3,0,2,0.9,3,369.2325975639426,502.28529394240576
Rand,0.9346,0.6127,0.9297,0.8,3,0,2,0.9,3,369.2325975639426,502.28529394240576
CPF,0.9272,0.6243,0.8335,0.4,3,0,2,0.9,3,364.6093864309061,491.68984957999106
ICRB,0.9129,0.6348,0.7727,0.5333,3,0,2,0.9,3,364.6093864309061,491.68984957999106
STO,0.9457,0.6162,0.8825,0.0333,3,0,2,0.9,3,364.6093864309061,491.68984957999106
Rand,0.9356,0.6064,0.9428,0.7667,3,0,2,0.9,3,364.6093864309061,491.68984957999106
CPF,0.9171,0.6305,0.7301,0.5,3,0,2,0.9,3,364.1350249698617,508.93945219888167
ICRB,0.9411,0.6489,0.6385,0.5667,3,0,2,0.9,3,364.1350249698617,508.93945219888167
STO,0.9194,0.5946,0.9262,0.0667,3,0,2,0.9,3,364.1350249698617,508.93945219888167
Rand,0.9202,0.5892,0.9579,0.8333,3,0,2,0.9,3,364.1350249698617,508.93945219888167
CPF,0.7371,0.4942,0.7627,0.4,3,1,3,0.9,3,285.5617054223534,417.55816984278164
ICRB,0.7576,0.5215,0.6092,0.4333,3,1,3,0.9,3,285.5617054223534,417.55816984278164
STO,0.7366,0.475,0.8808,0.1,3,1,3,0.9,3,285.5617054223534,417.55816984278164
Rand,0.7462,0.4819,0.8372,0.8,3,1,3,0.9,3,285.5617054223534,417.55816984278164
CPF,0.8488,0.5882,0.7831,0.4333,3,1,3,0.9,3,268.02057876222506,363.55559491514344
ICRB,0.8371,0.6024,0.6981,0.4667,3,1,3,0.9,3,268.02057876222506,363.55559491514344
STO,0.8579,0.5831,0.8143,0.0333,3,1,3,0.9,3,268.02057876222506,363.55559491514344
Rand,0.837,0.5607,0.9588,0.9333,3,1,3,0.9,3,268.02057876222506,363.55559491514344
CPF,0.8443,0.5957,0.7858,0.4333,3,1,3,0.9,3,269.20879225859227,351.35390029574626
ICRB,0.8615,0.6089,0.698,0.5,3,1,3,0.9,3,269.20879225859227,351.35390029574626
STO,0.8747,0.58,0.8956,0.1,3,1,3,0.9,3,269.20879225859227,351.35390029574626
Rand,0.8619,0.5717,0.9567,0.8,3,1,3,0.9,3,269.20879225859227,351.35390029574626
CPF,0.6643,0.466,0.7343,0.3667,3,2,4,0.9,3,250.82856882966402,346.44429317266577
ICRB,0.6634,0.4779,0.6503,0.4667,3,2,4,0.9,3,250.82856882966402,346.44429317266577
STO,0.6495,0.4375,0.9529,0.1,3,2,4,0.9,3,250.82856882966402,346.44429317266577
Rand,0.6499,0.4403,0.93,0.9,3,2,4,0.9,3,250.82856882966402,346.44429317266577
CPF,0.7341,0.5071,0.729,0.3,3,2,4,0.9,3,216.08170251665442,298.11649086835394
ICRB,0.7316,0.5256,0.6107,0.2667,3,2,4,0.9,3,216.08170251665442,298.11649086835394
STO,0.7299,0.4859,0.8761,0.0667,3,2,4,0.9,3,216.08170251665442,298.11649086835394
Rand,0.7194,0.4728,0.9732,0.6333,3,2,4,0.9,3,216.08170251665442,298.11649086835394
CPF,0.7687,0.5281,0.7517,0.3667,3,2,4,0.9,3,223.1347209088236,306.2689166172654
ICRB,0.7392,0.5248,0.7735,0.4333,3,2,4,0.9,3,223.1347209088236,306.2689166172654
STO,0.7649,0.5105,0.8699,0.1,3,2,4,0.9,3,223.1347209088236,306.2689166172654
Rand,0.7557,0.4993,0.9495,0.7333,3,2,4,0.9,3,223.1347209088236,306.2689166172654
CPF,0.6593,0.4714,0.7735,0.3333,3,3,5,0.9,3,210.6283642537748,270.1597654657214
ICRB,0.6545,0.4811,0.6869,0.3333,3,3,5,0.9,3,210.6283642537748,270.1597654657214
STO,0.6663,0.4545,0.9343,0.1,3,3,5,0.9,3,210.6283642537748,270.1597654657214
Rand,0.6563,0.4544,0.9345,0.7333,3,3,5,0.9,3,210.6283642537748,270.1597654657214
CPF,0.6622,0.4643,0.7215,0.4,3,3,5,0.9,3,202.314023828477,272.1078426282803
ICRB,0.6625,0.4682,0.6914,0.4333,3,3,5,0.9,3,202.314023828477,272.1078426282803
STO,0.6701,0.4449,0.8794,0.0333,3,3,5,0.9,3,202.314023828477,272.1078426282803
Rand,0.6594,0.4352,0.9634,0.6667,3,3,5,0.9,3,202.314023828477,272.1078426282803
CPF,0.6792,0.4805,0.6013,0.3667,3,3,5,0.9,3,198.41958121180346,266.96768817878643
ICRB,0.653,0.4699,0.6804,0.4,3,3,5,0.9,3,198.41958121180346,266.96768817878643
STO,0.6628,0.4469,0.8645,0.0333,3,3,5,0.9,3,198.41958121180346,266.96768817878643
Rand,0.6445,0.4314,1.0,0.7667,3,3,5,0.9,3,198.41958121180346,266.96768817878643
CPF,0.5178,0.3562,0.756,0.2333,3,4,6,0.9,3,207.40479803940028,275.43059567580536
ICRB,0.5294,0.3738,0.5775,0.2667,3,4,6,0.9,3,207.40479803940028,275.43059567580536
STO,0.5261,0.348,0.8457,0.1667,3,4,6,0.9,3,207.40479803940028,275.43059567580536
Rand,0.5108,0.3348,1.0,0.8,3,4,6,0.9,3,207.40479803940028,275.43059567580536
CPF,0.4924,0.3495,0.7913,0.2333,3,4,6,0.9,3,226.0101440708164,295.3079826970494
ICRB,0.5225,0.3717,0.5491,0.2667,3,4,6,0.9,3,226.0101440708164,295.3079826970494
STO,0.5125,0.3424,0.8754,0.1,3,4,6,0.9,3,226.0101440708164,295.3079826970494
Rand,0.509,0.3414,0.8867,0.8667,3,4,6,0.9,3,226.0101440708164,295.3079826970494
CPF,0.5124,0.3569,0.8544,0.5667,3,4,6,0.9,3,218.90667849583468,285.8166927478155
ICRB,0.5174,0.3644,0.7694,0.4667,3,4,6,0.9,3,218.90667849583468,285.8166927478155
STO,0.5338,0.3592,0.8277,0.0667,3,4,6,0.9,3,218.90667849583468,285.8166927478155
Rand,0.51,0.3448,1.0,0.8,3,4,6,0.9,3,218.90667849583468,285.8166927478155
CPF,0.7932,0.5695,0.6757,0.2667,3,5,4,1.0,3,220.8659164536328,294.5154991944353
ICRB,0.7501,0.5505,0.8023,0.4333,3,5,4,1.0,3,220.8659164536328,294.5154991944353
STO,0.7811,0.5355,0.9088,0.1333,3,5,4,1.0,3,220.8659164536328,294.5154991944353
Rand,0.7646,0.5233,1.0,0.8,3,5,4,1.0,3,220.8659164536328,294.5154991944353
CPF,0.7182,0.4907,0.8288,0.2333,3,5,4,1.0,3,218.64370692830715,302.24663808069346
ICRB,0.7453,0.5321,0.5606,0.3333,3,5,4,1.0,3,218.64370692830715,302.24663808069346
STO,0.7397,0.4907,0.8286,0.1,3,5,4,1.0,3,218.64370692830715,302.24663808069346
Rand,0.718,0.4795,0.9093,0.6333,3,5,4,1.0,3,218.64370692830715,302.24663808069346
CPF,0.7782,0.5314,0.8015,0.3667,3,5,4,1.0,3,218.33157782794066,291.06739139112926
ICRB,0.7862,0.5519,0.6605,0.3667,3,5,4,1.0,3,218.33157782794066,291.06739139112926
STO,0.7992,0.5164,0.912,0.0333,3,5,4,1.0,3,218.33157782794066,291.06739139112926
Rand,0.7836,0.5145,0.9265,0.8,3,5,4,1.0,3,218.33157782794066,291.06739139112926
CPF,0.7871,0.5648,0.6322,0.1667,3,6,4,0.95,3,208.32445235141319,285.9972147326865
ICRB,0.7634,0.5593,0.6649,0.4333,3,6,4,0.95,3,208.32445235141319,285.9972147326865
STO,0.7749,0.5276,0.8664,0.1,3,6,4,0.95,3,208.32445235141319,285.9972147326865
Rand,0.7684,0.5232,0.896,0.6,3,6,4,0.95,3,208.32445235141319,285.9972147326865
CPF,0.7542,0.5219,0.8277,0.4,3,6,4,0.95,3,216.69953375606332,285.89746899973386
ICRB,0.7563,0.5275,0.7851,0.3667,3,6,4,0.95,3,216.69953375606332,285.89746899973386
STO,0.7839,0.5182,0.8553,0.0667,3,6,4,0.95,3,216.69953375606332,285.89746899973386
Rand,0.7677,0.5046,0.963,0.7,3,6,4,0.95,3,216.69953375606332,285.89746899973386
CPF,0.7595,0.53,0.7375,0.3667,3,6,4,0.95,3,216.504353543917,290.4801545201632
ICRB,0.7423,0.5328,0.7186,0.3667,3,6,4,0.95,3,216.504353543917,290.4801545201632
STO,0.7727,0.5188,0.8168,0.0667,3,6,4,0.95,3,216.504353543917,290.4801545201632
Rand,0.745,0.5003,0.9553,0.8667,3,6,4,0.95,3,216.504353543917,290.4801545201632
CPF,0.6837,0.469,0.826,0.2333,3,7,4,0.85,3,246.29850699996499,322.34241935695684
ICRB,0.6833,0.4768,0.7598,0.3333,3,7,4,0.85,3,246.29850699996499,322.34241935695684
STO,0.714,0.4807,0.7276,0.0667,3,7,4,0.85,3,246.29850699996499,322.34241935695684
Rand,0.6871,0.4555,0.9468,0.7,3,7,4,0.85,3,246.29850699996499,322.34241935695684
CPF,0.6903,0.4798,0.7524,0.4333,3,7,4,0.85,3,244.4129516854222,321.6752770241435
ICRB,0.6939,0.4917,0.658,0.5333,3,7,4,0.85,3,244.4129516854222,321.6752770241435
STO,0.7055,0.473,0.8091,0.1333,3,7,4,0.85,3,244.4129516854222,321.6752770241435
Rand,0.6733,0.4513,1.0,0.7333,3,7,4,0.85,3,244.4129516854222,321.6752770241435
CPF,0.6063,0.4251,0.6728,0.4,3,7,4,0.85,3,251.74535367698104,355.52287522366845
ICRB,0.6128,0.4258,0.6675,0.4,3,7,4,0.85,3,251.74535367698104,355.52287522366845
STO,0.6085,0.3977,0.8858,0.1,3,7,4,0.85,3,251.74535367698104,355.52287522366845
Rand,0.6002,0.389,0.9604,0.6333,3,7,4,0.85,3,251.74535367698104,355.52287522366845
CPF,0.5638,0.3972,0.7899,0.3667,3,8,4,0.8,3,295.1032528994556,398.0622649739699
ICRB,0.571,0.4044,0.7254,0.5667,3,8,4,0.8,3,295.1032528994556,398.0622649739699
STO,0.5764,0.3837,0.9191,0.0667,3,8,4,0.8,3,295.1032528994556,398.0622649739699
Rand,0.5813,0.3847,0.9091,0.8333,3,8,4,0.8,3,295.1032528994556,398.0622649739699
CPF,0.6297,0.4328,0.7557,0.2333,3,8,4,0.8,3,252.40756448724744,330.1457088139057
ICRB,0.6079,0.4328,0.7554,0.3,3,8,4,0.8,3,252.40756448724744,330.1457088139057
STO,0.6531,0.4304,0.778,0.1,3,8,4,0.8,3,252.40756448724744,330.1457088139057
Rand,0.6374,0.4116,0.9623,0.8,3,8,4,0.8,3,252.40756448724744,330.1457088139057
CPF,0.6328,0.4514,0.7762,0.4667,3,8,4,0.8,3,268.60194368196983,350.8987724013774
ICRB,0.6324,0.4627,0.6774,0.3333,3,8,4,0.8,3,268.60194368196983,350.8987724013774
STO,0.6472,0.4484,0.8031,0.1,3,8,4,0.8,3,268.60194368196983,350.8987724013774
Rand,0.6275,0.4277,1.0,0.8333,3,8,4,0.8,3,268.60194368196983,350.8987724013774
CPF,0.5629,0.375,0.8498,0.4667,3,9,4,0.75,3,270.0599713039387,371.9952951530904
ICRB,0.5757,0.3907,0.7088,0.5,3,9,4,0.75,3,270.0599713039387,371.9952951530904
STO,0.5891,0.3779,0.8228,0.0667,3,9,4,0.75,3,270.0599713039387,371.9952951530904
Rand,0.574,0.3644,0.9515,0.8333,3,9,4,0.75,3,270.0599713039387,371.9952951530904
CPF,0.6558,0.4622,0.7373,0.3333,3,9,4,0.75,3,251.16932260152564,324.57161182921607
ICRB,0.6394,0.4663,0.7004,0.4,3,9,4,0.75,3,251.16932260152564,324.57161182921607
STO,0.6582,0.4506,0.8442,0.0667,3,9,4,0.75,3,251.16932260152564,324.57161182921607
Rand,0.6412,0.4359,0.988,0.7333,3,9,4,0.75,3,251.16932260152564,324.57161182921607
CPF,0.7333,0.5019,0.7231,0.3,3,9,4,0.75,3,244.58366634021175,312.7357318919318
ICRB,0.7004,0.4925,0.806,0.3667,3,9,4,0.75,3,244.58366634021175,312.7357318919318
STO,0.7358,0.4863,0.8619,0.0667,3,9,4,0.75,3,244.58366634021175,312.7357318919318
Rand,0.7266,0.474,0.9772,0.7667,3,9,4,0.75,3,244.58366634021175,312.7357318919318
CPF,0.7019,0.483,0.7939,0.3704,3,10,4,0.9,1.5,254.17637718721565,328.839951034807
ICRB,0.6917,0.4929,0.7094,0.4815,3,10,4,0.9,1.5,254.17637718721565,328.839951034807
STO,0.6916,0.4662,0.945,0.1481,3,10,4,0.9,1.5,254.17637718721565,328.839951034807
Rand,0.7037,0.474,0.8733,0.7778,3,10,4,0.9,1.5,254.17637718721565,328.839951034807
CPF,0.8037,0.5527,0.7772,0.4815,3,10,4,0.9,1.5,220.26339349011067,281.44849225225556
ICRB,0.7973,0.5678,0.6613,0.5556,3,10,4,0.9,1.5,220.26339349011067,281.44849225225556
STO,0.8056,0.5387,0.8915,0.1852,3,10,4,0.9,1.5,220.26339349011067,281.44849225225556
Rand,0.8022,0.5373,0.9028,0.9259,3,10,4,0.9,1.5,220.26339349011067,281.44849225225556
CPF,0.7725,0.5263,0.8114,0.3704,3,10,4,0.9,1.5,206.32600720592126,280.9991926816691
ICRB,0.765,0.5294,0.7901,0.5185,3,10,4,0.9,1.5,206.32600720592126,280.9991926816691
STO,0.7722,0.508,0.9401,0.0741,3,10,4,0.9,1.5,206.32600720592126,280.9991926816691
Rand,0.7641,0.4999,1.0,0.8148,3,10,4,0.9,1.5,206.32600720592126,280.9991926816691
CPF,0.7607,0.5511,0.6526,0.2188,3,11,4,0.9,5,226.18511449535708,303.9702221215531
ICRB,0.7727,0.569,0.5407,0.2812,3,11,4,0.9,5,226.18511449535708,303.9702221215531
STO,0.7744,0.5266,0.8185,0.0312,3,11,4,0.9,5,226.18511449535708,303.9702221215531
Rand,0.7579,0.5096,0.9427,0.625,3,11,4,0.9,5,226.18511449535708,303.9702221215531
CPF,0.684,0.4828,0.811,0.2188,3,11,4,0.9,5,239.35593254565256,309.24739392003994
ICRB,0.662,0.489,0.757,0.375,3,11,4,0.9,5,239.35593254565256,309.24739392003994
STO,0.6884,0.4714,0.9139,0.0312,3,11,4,0.9,5,239.35593254565256,309.24739392003994
Rand,0.6838,0.4671,0.9535,0.6562,3,11,4,0.9,5,239.35593254565256,309.24739392003994
CPF,0.6725,0.463,0.651,0.3438,3,11,4,0.9,5,249.38825278259625,331.0563008666945
ICRB,0.6737,0.4712,0.5863,0.3438,3,11,4,0.9,5,249.38825278259625,331.0563008666945
STO,0.6637,0.4401,0.8432,0.0938,3,11,4,0.9,5,249.38825278259625,331.0563008666945
Rand,0.6624,0.4393,0.8503,0.6562,3,11,4,0.9,5,249.38825278259625,331.0563008666945
CPF,0.6361,0.4546,0.6226,0.2647,3,12,4,0.9,7.5,259.7441424303285,352.55425556214516
ICRB,0.6294,0.4554,0.6166,0.2941,3,12,4,0.9,7.5,259.7441424303285,352.55425556214516
STO,0.6533,0.4389,0.7451,0.0882,3,12,4,0.9,7.5,259.7441424303285,352.55425556214516
Rand,0.6297,0.4149,0.9493,0.5588,3,12,4,0.9,7.5,259.7441424303285,352.55425556214516
CPF,0.7405,0.5411,0.5339,0.3235,3,12,4,0.9,7.5,227.5984785216577,306.3776993963152
ICRB,0.7315,0.5303,0.6037,0.3235,3,12,4,0.9,7.5,227.5984785216577,306.3776993963152
STO,0.748,0.5094,0.747,0.1176,3,12,4,0.9,7.5,227.5984785216577,306.3776993963152
Rand,0.7243,0.483,0.9456,0.7059,3,12,4,0.9,7.5,227.5984785216577,306.3776993963152
CPF,0.7028,0.5127,0.7166,0.3235,3,12,4,0.9,7.5,223.72892694659296,301.89414326111813
ICRB,0.7145,0.5325,0.5837,0.2353,3,12,4,0.9,7.5,223.72892694659296,301.89414326111813
STO,0.7302,0.5008,0.8017,0.0588,3,12,4,0.9,7.5,223.72892694659296,301.89414326111813
Rand,0.7185,0.4882,0.8964,0.6471,3,12,4,0.9,7.5,223.72892694659296,301.89414326111813
CPF,0.7767,0.5482,0.5858,0.4,3,13,4,0.9,10.5,205.4296904206825,276.7418234065982
ICRB,0.7702,0.5541,0.5487,0.3714,3,13,4,0.9,10.5,205.4296904206825,276.7418234065982
STO,0.7681,0.5181,0.7874,0.0857,3,13,4,0.9,10.5,205.4296904206825,276.7418234065982
Rand,0.7513,0.5082,0.8587,0.6571,3,13,4,0.9,10.5,205.4296904206825,276.7418234065982
CPF,0.6579,0.4881,0.585,0.3429,3,13,4,0.9,10.5,252.66983399223494,349.49286815598043
ICRB,0.6699,0.4807,0.6346,0.2571,3,13,4,0.9,10.5,252.66983399223494,349.49286815598043
STO,0.6696,0.4721,0.6932,0.1429,3,13,4,0.9,10.5,252.66983399223494,349.49286815598043
Rand,0.6705,0.4612,0.7716,0.6286,3,13,4,0.9,10.5,252.66983399223494,349.49286815598043
CPF,0.7565,0.5589,0.703,0.1429,3,13,4,0.9,10.5,223.83317968993697,287.8962270290686
ICRB,0.7701,0.5671,0.6421,0.3143,3,13,4,0.9,10.5,223.83317968993697,287.8962270290686
STO,0.7688,0.5473,0.7917,0.0571,3,13,4,0.9,10.5,223.83317968993697,287.8962270290686
Rand,0.7762,0.5357,0.8849,0.5714,3,13,4,0.9,10.5,223.83317968993697,287.8962270290686
CPF,0.7475,0.5365,0.6958,0.2143,4,0,2,0.9,3,205.1006126257108,272.5711864477622
ICRB,0.7372,0.5545,0.575,0.6429,4,0,2,0.9,3,205.1006126257108,272.5711864477622
STO,0.7583,0.5219,0.8004,0.0714,4,0,2,0.9,3,205.1006126257108,272.5711864477622
Rand,0.7528,0.5108,0.8839,0.7857,4,0,2,0.9,3,205.1006126257108,272.5711864477622
CPF,0.6716,0.4284,0.8012,0.5,4,0,2,0.9,3,194.170392864317,274.8415137571146
ICRB,0.6606,0.4414,0.7066,0.7143,4,0,2,0.9,3,194.170392864317,274.8415137571146
STO,0.688,0.4323,0.7724,0.1429,4,0,2,0.9,3,194.170392864317,274.8415137571146
Rand,0.6585,0.4074,0.9664,0.8571,4,0,2,0.9,3,194.170392864317,274.8415137571146
CPF,0.7628,0.5662,0.6751,0.4286,4,0,2,0.9,3,205.24668979457175,269.26646200415206
ICRB,0.7765,0.5944,0.4914,0.6429,4,0,2,0.9,3,205.24668979457175,269.26646200415206
STO,0.7632,0.5454,0.8232,0.1429,4,0,2,0.9,3,205.24668979457175,269.26646200415206
Rand,0.7646,0.55,0.79,0.5714,4,0,2,0.9,3,205.24668979457175,269.26646200415206
CPF,0.6159,0.4394,0.632,0.6429,4,1,3,0.9,3,154.0643372292937,214.91475721605866
ICRB,0.6004,0.4328,0.6806,0.5,4,1,3,0.9,3,154.0643372292937,214.91475721605866
STO,0.6092,0.4133,0.832,0.2143,4,1,3,0.9,3,154.0643372292937,214.91475721605866
Rand,0.6013,0.4085,0.8718,0.7857,4,1,3,0.9,3,154.0643372292937,214.91475721605866
CPF,0.4798,0.3533,0.5275,0.4286,4,1,3,0.9,3,230.86513376467818,307.09887522158743
ICRB,0.4752,0.3466,0.5965,0.5,4,1,3,0.9,3,230.86513376467818,307.09887522158743
STO,0.4816,0.3424,0.6411,0.0714,4,1,3,0.9,3,230.86513376467818,307.09887522158743
Rand,0.4665,0.3254,0.8319,0.7143,4,1,3,0.9,3,230.86513376467818,307.09887522158743
CPF,0.6044,0.4257,0.6557,0.4286,4,1,3,0.9,3,164.706618576641,228.68059704052118
ICRB,0.5799,0.4246,0.6644,0.6429,4,1,3,0.9,3,164.706618576641,228.68059704052118
STO,0.6085,0.4032,0.8359,0.0714,4,1,3,0.9,3,164.706618576641,228.68059704052118
Rand,0.5995,0.4049,0.8218,0.5714,4,1,3,0.9,3,164.706618576641,228.68059704052118
CPF,0.3739,0.2721,0.6577,0.6429,4,2,4,0.9,3,205.5705684970419,275.01949375628715
ICRB,0.3688,0.2685,0.7064,0.6429,4,2,4,0.9,3,205.5705684970419,275.01949375628715
STO,0.383,0.2631,0.7807,0.1429,4,2,4,0.9,3,205.5705684970419,275.01949375628715
Rand,0.3708,0.2603,0.8209,0.7857,4,2,4,0.9,3,205.5705684970419,275.01949375628715
CPF,0.3737,0.2718,0.6221,0.4286,4,2,4,0.9,3,194.35863817545797,262.4432114907875
ICRB,0.3733,0.2691,0.6572,0.5,4,2,4,0.9,3,194.35863817545797,262.4432114907875
STO,0.3803,0.2694,0.6528,0.0714,4,2,4,0.9,3,194.35863817545797,262.4432114907875
Rand,0.3765,0.2554,0.845,0.7857,4,2,4,0.9,3,194.35863817545797,262.4432114907875
CPF,0.3803,0.2749,0.748,0.5,4,2,4,0.9,3,195.47631227908022,265.31593367993185
ICRB,0.3937,0.2896,0.5671,0.3571,4,2,4,0.9,3,195.47631227908022,265.31593367993185
STO,0.3874,0.2684,0.833,0.1429,4,2,4,0.9,3,195.47631227908022,265.31593367993185
Rand,0.3845,0.2654,0.8745,0.7857,4,2,4,0.9,3,195.47631227908022,265.31593367993185
CPF,0.3827,0.2682,0.6055,0.4286,4,3,5,0.9,3,158.19336732705025,214.8688627328964
ICRB,0.3636,0.2642,0.6567,0.5714,4,3,5,0.9,3,158.19336732705025,214.8688627328964
STO,0.3765,0.2551,0.7803,0.1429,4,3,5,0.9,3,158.19336732705025,214.8688627328964
Rand,0.3674,0.2506,0.8445,0.7143,4,3,5,0.9,3,158.19336732705025,214.8688627328964
CPF,0.3962,0.2834,0.6268,0.4286,4,3,5,0.9,3,150.34981148164036,205.19977998445634
ICRB,0.3995,0.29,0.5506,0.4286,4,3,5,0.9,3,150.34981148164036,205.19977998445634
STO,0.3986,0.2724,0.7633,0.2857,4,3,5,0.9,3,150.34981148164036,205.19977998445634
Rand,0.3914,0.2618,0.9047,0.8571,4,3,5,0.9,3,150.34981148164036,205.19977998445634
CPF,0.3046,0.2107,0.7355,0.5,4,3,5,0.9,3,189.20956832732855,259.1533753337703
ICRB,0.3061,0.2262,0.4992,0.7857,4,3,5,0.9,3,189.20956832732855,259.1533753337703
STO,0.3097,0.2183,0.6143,0.0,4,3,5,0.9,3,189.20956832732855,259.1533753337703
Rand,0.3027,0.2041,0.8456,0.8571,4,3,5,0.9,3,189.20956832732855,259.1533753337703
CPF,0.2381,0.1749,0.6402,0.5714,4,4,6,0.9,3,224.51842136255217,300.54894378763885
ICRB,0.233,0.1706,0.7305,0.5,4,4,6,0.9,3,224.51842136255217,300.54894378763885
STO,0.2406,0.1668,0.8133,0.0714,4,4,6,0.9,3,224.51842136255217,300.54894378763885
Rand,0.243,0.1724,0.6918,0.9286,4,4,6,0.9,3,224.51842136255217,300.54894378763885
CPF,0.265,0.1876,0.7322,0.5714,4,4,6,0.9,3,195.8870777038682,264.53968850872417
ICRB,0.2577,0.1824,0.8342,0.6429,4,4,6,0.9,3,195.8870777038682,264.53968850872417
STO,0.2703,0.1808,0.8666,0.1429,4,4,6,0.9,3,195.8870777038682,264.53968850872417
Rand,0.267,0.1809,0.866,0.7857,4,4,6,0.9,3,195.8870777038682,264.53968850872417
CPF,0.2548,0.1821,0.7832,0.4286,4,4,6,0.9,3,191.0870771471891,255.08312232506856
ICRB,0.2538,0.1855,0.7131,0.7143,4,4,6,0.9,3,191.0870771471891,255.08312232506856
STO,0.2601,0.1801,0.8249,0.1429,4,4,6,0.9,3,191.0870771471891,255.08312232506856
Rand,0.2659,0.1844,0.7351,0.7857,4,4,6,0.9,3,191.0870771471891,255.08312232506856
CPF,0.4634,0.3144,0.7795,0.5,4,5,4,1.0,3,154.38855393942404,218.17879079636637
ICRB,0.4405,0.3053,0.8747,0.6429,4,5,4,1.0,3,154.38855393942404,218.17879079636637
STO,0.4756,0.316,0.7637,0.1429,4,5,4,1.0,3,154.38855393942404,218.17879079636637
Rand,0.4602,0.3012,0.9195,0.5714,4,5,4,1.0,3,154.38855393942404,218.17879079636637
CPF,0.4825,0.3315,0.5857,0.2857,4,5,4,1.0,3,153.6112262934506,214.50943614836737
ICRB,0.4631,0.3219,0.6784,0.5,4,5,4,1.0,3,153.6112262934506,214.50943614836737
STO,0.4761,0.3136,0.7629,0.1429,4,5,4,1.0,3,153.6112262934506,214.50943614836737
Rand,0.4608,0.298,0.9342,0.7143,4,5,4,1.0,3,153.6112262934506,214.50943614836737
CPF,0.4421,0.3046,0.6255,0.3571,4,5,4,1.0,3,155.82925722295886,220.3769504331858
ICRB,0.4452,0.3022,0.6496,0.4286,4,5,4,1.0,3,155.82925722295886,220.3769504331858
STO,0.4416,0.2863,0.8195,0.2143,4,5,4,1.0,3,155.82925722295886,220.3769504331858
Rand,0.4421,0.2813,0.8774,0.7143,4,5,4,1.0,3,155.82925722295886,220.3769504331858
CPF,0.4196,0.303,0.7028,0.5,4,6,4,0.95,3,190.54593891496455,255.2909019075673
ICRB,0.4262,0.3085,0.6374,0.5714,4,6,4,0.95,3,190.54593891496455,255.2909019075673
STO,0.4379,0.3046,0.6833,0.2143,4,6,4,0.95,3,190.54593891496455,255.2909019075673
Rand,0.4348,0.3061,0.666,0.4286,4,6,4,0.95,3,190.54593891496455,255.2909019075673
CPF,0.4659,0.3288,0.6714,0.3571,4,6,4,0.95,3,164.92750399983547,223.7936134316911
ICRB,0.4536,0.3286,0.673,0.6429,4,6,4,0.95,3,164.92750399983547,223.7936134316911
STO,0.4691,0.3286,0.6734,0.1429,4,6,4,0.95,3,164.92750399983547,223.7936134316911
Rand,0.4659,0.315,0.8231,0.7143,4,6,4,0.95,3,164.92750399983547,223.7936134316911
CPF,0.4661,0.3293,0.7317,0.5,4,6,4,0.95,3,149.35576636324672,209.7879053813559
ICRB,0.468,0.3385,0.6451,0.5714,4,6,4,0.95,3,149.35576636324672,209.7879053813559
STO,0.4826,0.3186,0.8399,0.2857,4,6,4,0.95,3,149.35576636324672,209.7879053813559
Rand,0.4832,0.3138,0.8897,0.6429,4,6,4,0.95,3,149.35576636324672,209.7879053813559
CPF,0.3891,0.272,0.661,0.5,4,7,4,0.85,3,185.8619589418516,254.78766006764988
ICRB,0.3942,0.2779,0.5901,0.4286,4,7,4,0.85,3,185.8619589418516,254.78766006764988
STO,0.3942,0.2598,0.8179,0.2143,4,7,4,0.85,3,185.8619589418516,254.78766006764988
Rand,0.3924,0.2536,0.9049,0.7857,4,7,4,0.85,3,185.8619589418516,254.78766006764988
CPF,0.3516,0.2452,0.6679,0.5714,4,7,4,0.85,3,187.88966490776542,259.0200328683191
ICRB,0.3557,0.2482,0.6275,0.6429,4,7,4,0.85,3,187.88966490776542,259.0200328683191
STO,0.3689,0.2459,0.6587,0.1429,4,7,4,0.85,3,187.88966490776542,259.0200328683191
Rand,0.3636,0.2348,0.8144,0.6429,4,7,4,0.85,3,187.88966490776542,259.0200328683191
CPF,0.3902,0.2807,0.7201,0.5,4,7,4,0.85,3,183.7046458097171,246.85059787380152
ICRB,0.3915,0.2868,0.6428,0.5714,4,7,4,0.85,3,183.7046458097171,246.85059787380152
STO,0.398,0.273,0.8219,0.2143,4,7,4,0.85,3,183.7046458097171,246.85059787380152
Rand,0.39,0.2637,0.9537,0.8571,4,7,4,0.85,3,183.7046458097171,246.85059787380152
CPF,0.3521,0.2517,0.7231,0.4286,4,8,4,0.8,3,226.35283453866415,297.98231991201385
ICRB,0.3443,0.2542,0.6848,0.6429,4,8,4,0.8,3,226.35283453866415,297.98231991201385
STO,0.3491,0.2489,0.767,0.2143,4,8,4,0.8,3,226.35283453866415,297.98231991201385
Rand,0.3499,0.2401,0.9114,0.6429,4,8,4,0.8,3,226.35283453866415,297.98231991201385
CPF,0.3447,0.2555,0.5332,0.5,4,8,4,0.8,3,231.86694716942876,309.51651225894034
ICRB,0.3394,0.2461,0.6687,0.6429,4,8,4,0.8,3,231.86694716942876,309.51651225894034
STO,0.3488,0.2412,0.742,0.0714,4,8,4,0.8,3,231.86694716942876,309.51651225894034
Rand,0.3434,0.228,0.9589,0.8571,4,8,4,0.8,3,231.86694716942876,309.51651225894034
CPF,0.3617,0.2703,0.6219,0.5714,4,8,4,0.8,3,218.8787146367586,292.3216825777251
ICRB,0.3624,0.2714,0.6072,0.6429,4,8,4,0.8,3,218.8787146367586,292.3216825777251
STO,0.37,0.2625,0.7298,0.1429,4,8,4,0.8,3,218.8787146367586,292.3216825777251
Rand,0.3638,0.2489,0.9315,0.5,4,8,4,0.8,3,218.8787146367586,292.3216825777251
CPF,0.3496,0.2455,0.7225,0.4286,4,9,4,0.75,3,203.71940270343526,273.75988712290285
ICRB,0.3586,0.2564,0.5688,0.6429,4,9,4,0.75,3,203.71940270343526,273.75988712290285
STO,0.3569,0.2469,0.7014,0.1429,4,9,4,0.75,3,203.71940270343526,273.75988712290285
Rand,0.3555,0.2391,0.8192,0.5714,4,9,4,0.75,3,203.71940270343526,273.75988712290285
CPF,0.3534,0.239,0.6374,0.5,4,9,4,0.75,3,207.85132794283646,286.61166066666425
ICRB,0.3483,0.2452,0.5546,0.6429,4,9,4,0.75,3,207.85132794283646,286.61166066666425
STO,0.3541,0.236,0.6788,0.0714,4,9,4,0.75,3,207.85132794283646,286.61166066666425
Rand,0.347,0.2255,0.8331,0.6429,4,9,4,0.75,3,207.85132794283646,286.61166066666425
CPF,0.3413,0.2403,0.7265,0.5714,4,9,4,0.75,3,216.40699698028237,286.7015268233654
ICRB,0.3332,0.2365,0.7875,0.6429,4,9,4,0.75,3,216.40699698028237,286.7015268233654
STO,0.3526,0.2406,0.7213,0.1429,4,9,4,0.75,3,216.40699698028237,286.7015268233654
Rand,0.3419,0.2311,0.879,0.9286,4,9,4,0.75,3,216.40699698028237,286.7015268233654
CPF,0.4662,0.3354,0.5951,0.6667,4,10,4,0.9,1.5,170.90522017633577,233.56243426810448
ICRB,0.4614,0.3292,0.6569,0.5,4,10,4,0.9,1.5,170.90522017633577,233.56243426810448
STO,0.4597,0.3087,0.8825,0.0,4,10,4,0.9,1.5,170.90522017633577,233.56243426810448
Rand,0.4458,0.305,0.9264,0.75,4,10,4,0.9,1.5,170.90522017633577,233.56243426810448
CPF,0.4488,0.3225,0.7011,0.5833,4,10,4,0.9,1.5,160.36715644656107,218.21211439047676
ICRB,0.45,0.3274,0.6488,0.5,4,10,4,0.9,1.5,160.36715644656107,218.21211439047676
STO,0.4502,0.3058,0.8909,0.0833,4,10,4,0.9,1.5,160.36715644656107,218.21211439047676
Rand,0.4458,0.3032,0.9215,0.75,4,10,4,0.9,1.5,160.36715644656107,218.21211439047676
CPF,0.4394,0.3121,0.8023,0.5833,4,10,4,0.9,1.5,172.1932920537527,234.11287489721104
ICRB,0.4546,0.3287,0.6204,0.4167,4,10,4,0.9,1.5,172.1932920537527,234.11287489721104
STO,0.4659,0.3209,0.7032,0.0833,4,10,4,0.9,1.5,172.1932920537527,234.11287489721104
Rand,0.4516,0.307,0.861,0.8333,4,10,4,0.9,1.5,172.1932920537527,234.11287489721104
CPF,0.3969,0.2828,0.7031,0.5333,4,11,4,0.9,5,180.1802896742398,246.62238501653312
ICRB,0.3931,0.2816,0.718,0.6667,4,11,4,0.9,5,180.1802896742398,246.62238501653312
STO,0.4251,0.3084,0.4202,0.0667,4,11,4,0.9,5,180.1802896742398,246.62238501653312
Rand,0.4054,0.2698,0.8677,0.4667,4,11,4,0.9,5,180.1802896742398,246.62238501653312
CPF,0.396,0.2995,0.5323,0.4,4,11,4,0.9,5,210.3281720774396,273.26441559035527
ICRB,0.3857,0.2956,0.5837,0.6,4,11,4,0.9,5,210.3281720774396,273.26441559035527
STO,0.3981,0.2928,0.6218,0.2667,4,11,4,0.9,5,210.3281720774396,273.26441559035527
Rand,0.3994,0.3027,0.4917,0.6,4,11,4,0.9,5,210.3281720774396,273.26441559035527
CPF,0.4144,0.2953,0.8075,0.4,4,11,4,0.9,5,165.23024097108066,225.84161905689237
ICRB,0.4209,0.3192,0.5432,0.4667,4,11,4,0.9,5,165.23024097108066,225.84161905689237
STO,0.4383,0.302,0.729,0.1333,4,11,4,0.9,5,165.23024097108066,225.84161905689237
Rand,0.4351,0.2886,0.89,0.6,4,11,4,0.9,5,165.23024097108066,225.84161905689237
CPF,0.4785,0.3395,0.4561,0.2667,4,12,4,0.9,7.5,154.6271599206421,214.63123516917136
ICRB,0.4445,0.316,0.6813,0.4,4,12,4,0.9,7.5,154.6271599206421,214.63123516917136
STO,0.4768,0.3425,0.4295,0.0667,4,12,4,0.9,7.5,154.6271599206421,214.63123516917136
Rand,0.4494,0.2996,0.8598,0.5333,4,12,4,0.9,7.5,154.6271599206421,214.63123516917136
CPF,0.3932,0.2742,0.6779,0.5333,4,12,4,0.9,7.5,179.37058883652708,234.89914802020857
ICRB,0.3826,0.2796,0.6026,0.6,4,12,4,0.9,7.5,179.37058883652708,234.89914802020857
STO,0.4057,0.2724,0.7033,0.2,4,12,4,0.9,7.5,179.37058883652708,234.89914802020857
Rand,0.3998,0.262,0.86,0.4,4,12,4,0.9,7.5,179.37058883652708,234.89914802020857
CPF,0.4254,0.3155,0.6424,0.4,4,12,4,0.9,7.5,183.0913102756798,250.2726708970625
ICRB,0.4181,0.307,0.7355,0.4,4,12,4,0.9,7.5,183.0913102756798,250.2726708970625
STO,0.4633,0.3411,0.3899,0.1333,4,12,4,0.9,7.5,183.0913102756798,250.2726708970625
Rand,0.4376,0.3123,0.6769,0.3333,4,12,4,0.9,7.5,183.0913102756798,250.2726708970625
CPF,0.4242,0.3202,0.4559,0.25,4,13,4,0.9,10.5,183.11794529698986,248.68071820936527
ICRB,0.4096,0.298,0.6972,0.375,4,13,4,0.9,10.5,183.11794529698986,248.68071820936527
STO,0.4335,0.3304,0.3553,0.0,4,13,4,0.9,10.5,183.11794529698986,248.68071820936527
Rand,0.4229,0.3006,0.6671,0.4375,4,13,4,0.9,10.5,183.11794529698986,248.68071820936527
CPF,0.3825,0.2817,0.5391,0.4375,4,13,4,0.9,10.5,216.64568563057708,290.0075510494595
ICRB,0.3742,0.2731,0.6497,0.5,4,13,4,0.9,10.5,216.64568563057708,290.0075510494595
STO,0.3902,0.2768,0.6015,0.1875,4,13,4,0.9,10.5,216.64568563057708,290.0075510494595
Rand,0.3824,0.2799,0.5612,0.5,4,13,4,0.9,10.5,216.64568563057708,290.0075510494595
CPF,0.3903,0.2987,0.5184,0.4375,4,13,4,0.9,10.5,200.05496735452107,270.87875038056563
ICRB,0.3903,0.2987,0.5184,0.4375,4,13,4,0.9,10.5,200.05496735452107,270.87875038056563
STO,0.4042,0.2919,0.5955,0.125,4,13,4,0.9,10.5,200.05496735452107,270.87875038056563
Rand,0.4009,0.2855,0.6722,0.4375,4,13,4,0.9,10.5,200.05496735452107,270.87875038056563
