gid,core,Maximum memory
1.0,6.0,1.0
1.0,1.0,0.8796084093174107
1.0,2.0,0.9891179917644164
1.0,3.0,1.0
1.0,4.0,1.0
1.0,5.0,1.0
1.0,6.0,1.0
1.0,1.0,0.9091988597513851
1.0,2.0,0.9860975888334068
1.0,3.0,1.0
1.0,4.0,1.0
1.0,5.0,1.0
1.0,6.0,1.0
1.0,1.0,0.9493170049445412
1.0,2.0,1.0
1.0,3.0,1.0
1.0,4.0,1.0
1.0,5.0,1.0
1.0,6.0,1.0
1.0,1.0,0.9088335476055444
1.0,2.0,1.0
1.0,3.0,1.0
1.0,4.0,1.0
1.0,5.0,1.0
1.0,6.0,1.0
1.0,1.0,0.9793237998092612
1.0,2.0,1.0
1.0,3.0,1.0
1.0,4.0,1.0
1.0,5.0,1.0
1.0,6.0,1.0
1.0,1.0,0.9843649231546864
1.0,2.0,1.0
1.0,3.0,1.0
1.0,4.0,1.0
1.0,5.0,1.0
1.0,6.0,1.0
1.0,1.0,0.9098215187778446
1.0,2.0,0.973114368841468
1.0,3.0,1.0
1.0,4.0,1.0
1.0,5.0,1.0
1.0,6.0,1.0
1.0,1.0,0.7887260850895397
1.0,2.0,0.9153877681663464
1.0,3.0,1.0
1.0,4.0,1.0
1.0,5.0,1.0
1.0,6.0,1.0
1.0,1.0,0.7366117507424059
1.0,2.0,0.8786565581571858
1.0,3.0,1.0
1.0,4.0,1.0
1.0,5.0,1.0
1.0,6.0,1.0
1.0,1.0,0.8005611994027909
1.0,2.0,0.9208357670974532
1.0,3.0,1.0
1.0,4.0,1.0
1.0,5.0,1.0
1.0,6.0,1.0
1.0,1.0,0.9151662243460236
1.0,2.0,0.9875482755527056
1.0,3.0,1.0
1.0,4.0,1.0
1.0,5.0,1.0
1.0,6.0,1.0
1.0,1.0,0.8232169256615406
1.0,2.0,0.9592423183157904
1.0,3.0,1.0
1.0,4.0,1.0
1.0,5.0,1.0
1.0,6.0,1.0
1.0,1.0,1.0
1.0,2.0,1.0
1.0,3.0,1.0
1.0,4.0,1.0
1.0,5.0,1.0
1.0,6.0,1.0
1.0,1.0,0.9528016802733308
1.0,2.0,1.0
1.0,3.0,1.0
1.0,4.0,1.0
1.0,5.0,1.0
1.0,6.0,1.0
1.0,1.0,0.8790793142200868
1.0,2.0,1.0
1.0,3.0,1.0
1.0,4.0,1.0
1.0,5.0,1.0
1.0,6.0,1.0
1.0,1.0,1.0
1.0,2.0,1.0
1.0,3.0,1.0
1.0,4.0,1.0
1.0,5.0,1.0
1.0,6.0,1.0
1.0,1.0,0.868114863503269
1.0,2.0,1.0
1.0,3.0,1.0
1.0,4.0,1.0
1.0,5.0,1.0
1.0,6.0,1.0
1.0,1.0,0.980917743894458
1.0,2.0,1.0
1.0,3.0,1.0
1.0,4.0,1.0
1.0,5.0,1.0
1.0,6.0,1.0
1.0,1.0,0.8235984782032845
1.0,2.0,0.9734964616162316
1.0,3.0,1.0
1.0,4.0,1.0
1.0,5.0,1.0
1.0,6.0,1.0
1.0,1.0,0.8834890244066703
1.0,2.0,1.0
1.0,3.0,1.0
1.0,4.0,1.0
1.0,5.0,1.0
1.0,6.0,1.0
1.0,1.0,0.8227723381258425
1.0,2.0,0.9228750443512
1.0,3.0,1.0
1.0,4.0,1.0
1.0,5.0,1.0
1.0,6.0,1.0
1.0,1.0,0.8568809935022815
1.0,2.0,0.9697474368538069
1.0,3.0,1.0
1.0,4.0,1.0
1.0,5.0,1.0
1.0,6.0,1.0
1.0,1.0,0.8968571067082716
1.0,2.0,1.0
1.0,3.0,1.0
1.0,4.0,1.0
1.0,5.0,1.0
1.0,6.0,1.0
1.0,1.0,0.8478273190629888
1.0,2.0,0.9681426551633052
1.0,3.0,1.0
1.0,4.0,1.0
1.0,5.0,1.0
1.0,6.0,1.0
1.0,1.0,0.8687022165827408
1.0,2.0,0.9344049895913372
1.0,3.0,1.0
1.0,4.0,1.0
1.0,5.0,1.0
1.0,6.0,1.0
1.0,1.0,0.9276225423664788
1.0,2.0,1.0
1.0,3.0,1.0
1.0,4.0,1.0
1.0,5.0,1.0
1.0,6.0,1.0
1.0,1.0,0.943303414046492
1.0,2.0,1.0
1.0,3.0,1.0
1.0,4.0,1.0
1.0,5.0,1.0
1.0,6.0,1.0
1.0,1.0,0.8602738642334913
1.0,2.0,0.9471512137164848
1.0,3.0,1.0
1.0,4.0,1.0
1.0,5.0,1.0
1.0,6.0,1.0
1.0,1.0,0.9186726052129048
1.0,2.0,1.0
1.0,3.0,1.0
1.0,4.0,1.0
1.0,5.0,1.0
1.0,6.0,1.0
1.0,1.0,0.9046191024202814
1.0,2.0,0.9699811596092149
1.0,3.0,1.0
1.0,4.0,1.0
1.0,5.0,1.0
1.0,6.0,1.0
1.0,1.0,0.7605609711364719
1.0,2.0,0.9154189781240673
1.0,3.0,1.0
1.0,4.0,1.0
1.0,5.0,1.0
1.0,6.0,1.0
1.0,1.0,0.8956292853844288
1.0,2.0,0.9541620855139477
1.0,3.0,1.0
1.0,4.0,1.0
1.0,5.0,1.0
1.0,6.0,1.0
1.0,1.0,0.9079265706251294
1.0,2.0,0.9999005895062992
1.0,3.0,1.0
1.0,4.0,1.0
1.0,5.0,1.0
1.0,6.0,1.0
1.0,1.0,1.0
1.0,2.0,1.0
1.0,3.0,1.0
1.0,4.0,1.0
1.0,5.0,1.0
1.0,6.0,1.0
1.0,1.0,1.0
1.0,2.0,1.0
1.0,3.0,1.0
1.0,4.0,1.0
1.0,5.0,1.0
1.0,6.0,1.0
1.0,1.0,0.9201736498621486
1.0,2.0,0.9625284057749284
1.0,3.0,1.0
1.0,4.0,1.0
1.0,5.0,1.0
1.0,6.0,1.0
1.0,1.0,0.8662793120350741
1.0,2.0,0.9776264232784384
1.0,3.0,1.0
1.0,4.0,1.0
1.0,5.0,1.0
1.0,6.0,1.0
1.0,1.0,0.9107931515556784
1.0,2.0,0.9695071478330064
1.0,3.0,1.0
1.0,4.0,1.0
1.0,5.0,1.0
1.0,6.0,1.0
1.0,1.0,0.8614456147002509
1.0,2.0,0.9483717812309612
1.0,3.0,1.0
1.0,4.0,1.0
1.0,5.0,1.0
1.0,6.0,1.0
1.0,1.0,0.8578993734744665
1.0,2.0,1.0
1.0,3.0,1.0
1.0,4.0,1.0
1.0,5.0,1.0
1.0,6.0,1.0
1.0,1.0,0.8075512140119122
1.0,2.0,0.9147640148842556
1.0,3.0,1.0
1.0,4.0,1.0
1.0,5.0,1.0
1.0,6.0,1.0
1.0,1.0,0.9243345920118726
1.0,2.0,1.0
1.0,3.0,1.0
1.0,4.0,1.0
1.0,5.0,1.0
1.0,6.0,1.0
1.0,1.0,0.832640101332525
1.0,2.0,0.9462149367649612
1.0,3.0,1.0
1.0,4.0,1.0
1.0,5.0,1.0
1.0,6.0,1.0
1.0,1.0,1.0
1.0,2.0,1.0
1.0,3.0,1.0
1.0,4.0,1.0
1.0,5.0,1.0
1.0,6.0,1.0
1.0,1.0,0.8996988911789072
1.0,2.0,0.9967303531820048
1.0,3.0,1.0
1.0,4.0,1.0
1.0,5.0,1.0
1.0,6.0,1.0
1.0,1.0,0.7571761231333423
1.0,2.0,0.9071423494015948
1.0,3.0,1.0
1.0,4.0,1.0
1.0,5.0,1.0
1.0,6.0,1.0
1.0,1.0,1.0
1.0,2.0,1.0
1.0,3.0,1.0
1.0,4.0,1.0
1.0,5.0,1.0
1.0,6.0,1.0
1.0,1.0,0.9293364671547946
1.0,2.0,1.0
1.0,3.0,1.0
1.0,4.0,1.0
1.0,5.0,1.0
1.0,6.0,1.0
1.0,1.0,0.8780998614590925
1.0,2.0,0.9456768647546968
1.0,3.0,1.0
1.0,4.0,1.0
1.0,5.0,1.0
1.0,6.0,1.0
1.0,1.0,0.89747221793324
1.0,2.0,0.991337470776644
1.0,3.0,1.0
1.0,4.0,1.0
1.0,5.0,1.0
1.0,6.0,1.0
1.0,1.0,0.9827447463750802
1.0,2.0,0.9827447463750802
1.0,3.0,1.0
1.0,4.0,1.0
1.0,5.0,1.0
1.0,6.0,1.0
1.0,1.0,0.8399123481536662
1.0,2.0,0.9627430079050098
1.0,3.0,1.0
1.0,4.0,1.0
1.0,5.0,1.0
1.0,6.0,1.0
1.0,1.0,0.9348768877503384
1.0,2.0,0.9780977548969176
1.0,3.0,1.0
1.0,4.0,1.0
1.0,5.0,1.0
1.0,6.0,1.0
1.0,1.0,0.8125257327929972
1.0,2.0,0.9572516138054632
1.0,3.0,1.0
1.0,4.0,1.0
1.0,5.0,1.0
1.0,6.0,1.0
1.0,1.0,0.7691977059060977
1.0,2.0,0.9062690369971148
1.0,3.0,1.0
1.0,4.0,1.0
1.0,5.0,1.0
1.0,6.0,1.0
1.0,1.0,0.8801492415196583
1.0,2.0,0.9846149308358152
1.0,3.0,1.0
1.0,4.0,1.0
1.0,5.0,1.0
1.0,6.0,1.0
1.0,1.0,0.8896285086083068
1.0,2.0,0.9900168934174636
1.0,3.0,1.0
1.0,4.0,1.0
1.0,5.0,1.0
1.0,6.0,1.0
1.0,1.0,0.820546680735912
1.0,2.0,0.9189461366692306
1.0,3.0,1.0
1.0,4.0,1.0
1.0,5.0,1.0
1.0,6.0,1.0
1.0,1.0,0.9378023531292016
1.0,2.0,1.0
1.0,3.0,1.0
1.0,4.0,1.0
1.0,5.0,1.0
1.0,6.0,1.0
1.0,1.0,0.8346724005363126
1.0,2.0,1.0
1.0,3.0,1.0
1.0,4.0,1.0
1.0,5.0,1.0
1.0,6.0,1.0
1.0,1.0,0.8832592225372545
1.0,2.0,1.0
1.0,3.0,1.0
1.0,4.0,1.0
1.0,5.0,1.0
1.0,6.0,1.0
1.0,1.0,0.8696344524522324
1.0,2.0,1.0
1.0,3.0,1.0
1.0,4.0,1.0
1.0,5.0,1.0
1.0,6.0,1.0
1.0,1.0,0.918953870740254
1.0,2.0,1.0
1.0,3.0,1.0
1.0,4.0,1.0
1.0,5.0,1.0
1.0,6.0,1.0
1.0,1.0,0.913522950977392
1.0,2.0,1.0
1.0,3.0,1.0
1.0,4.0,1.0
1.0,5.0,1.0
1.0,6.0,1.0
1.0,1.0,1.0
1.0,2.0,1.0
1.0,3.0,1.0
1.0,4.0,1.0
1.0,5.0,1.0
1.0,6.0,1.0
1.0,1.0,0.9652260186073984
1.0,2.0,0.983387786479992
1.0,3.0,1.0
1.0,4.0,1.0
1.0,5.0,1.0
1.0,6.0,1.0
1.0,1.0,0.8437767542673349
1.0,2.0,0.9235215931497176
1.0,3.0,1.0
1.0,4.0,1.0
1.0,5.0,1.0
1.0,6.0,1.0
1.0,1.0,0.8042226724677466
1.0,2.0,0.9568005312494998
1.0,3.0,1.0
1.0,4.0,1.0
1.0,5.0,1.0
1.0,6.0,1.0
1.0,1.0,0.9806033025745684
1.0,2.0,0.9977404112597782
1.0,3.0,1.0
1.0,4.0,1.0
1.0,5.0,1.0
1.0,6.0,1.0
1.0,1.0,0.8635871688183495
1.0,2.0,0.9358067903596532
1.0,3.0,1.0
1.0,4.0,1.0
1.0,5.0,1.0
1.0,6.0,1.0
1.0,1.0,0.924323100481302
1.0,2.0,0.9659344705371778
1.0,3.0,1.0
1.0,4.0,1.0
1.0,5.0,1.0
1.0,6.0,1.0
1.0,1.0,0.8327691539374916
1.0,2.0,0.985839921632385
1.0,3.0,1.0
1.0,4.0,1.0
1.0,5.0,1.0
1.0,6.0,1.0
1.0,1.0,0.8589977250069486
1.0,2.0,0.9305263147498858
1.0,3.0,1.0
1.0,4.0,1.0
1.0,5.0,1.0
1.0,6.0,1.0
1.0,1.0,0.7837043572540559
1.0,2.0,0.920068723080952
1.0,3.0,1.0
1.0,4.0,1.0
1.0,5.0,1.0
1.0,6.0,1.0
1.0,1.0,0.9126709723107572
1.0,2.0,0.9827057305653282
1.0,3.0,1.0
1.0,4.0,1.0
1.0,5.0,1.0
1.0,6.0,1.0
1.0,1.0,0.8507007841780795
1.0,2.0,0.9893003959655972
1.0,3.0,1.0
1.0,4.0,1.0
1.0,5.0,1.0
1.0,6.0,1.0
1.0,1.0,0.8979998369873083
1.0,2.0,0.9566617524336268
1.0,3.0,1.0
1.0,4.0,1.0
1.0,5.0,1.0
1.0,6.0,1.0
1.0,1.0,0.8213015968232342
1.0,2.0,0.9534947386599107
1.0,3.0,1.0
1.0,4.0,1.0
1.0,5.0,1.0
1.0,6.0,1.0
1.0,1.0,0.9145391143912144
1.0,2.0,0.9799503297662542
1.0,3.0,1.0
1.0,4.0,1.0
1.0,5.0,1.0
1.0,6.0,1.0
1.0,1.0,0.8266613683323657
1.0,2.0,0.9673800512935646
1.0,3.0,1.0
1.0,4.0,1.0
1.0,5.0,1.0
1.0,6.0,1.0
1.0,1.0,0.8323212550361355
1.0,2.0,1.0
1.0,3.0,1.0
1.0,4.0,1.0
1.0,5.0,1.0
1.0,6.0,1.0
1.0,1.0,0.8459594369347092
1.0,2.0,1.0
1.0,3.0,1.0
1.0,4.0,1.0
1.0,5.0,1.0
1.0,6.0,1.0
1.0,1.0,0.8255178539198414
1.0,2.0,0.961531268259388
1.0,3.0,1.0
1.0,4.0,1.0
1.0,5.0,1.0
1.0,6.0,1.0
1.0,1.0,0.8744023413078518
1.0,2.0,1.0
1.0,3.0,1.0
1.0,4.0,1.0
1.0,5.0,1.0
1.0,6.0,1.0
1.0,1.0,0.892784706664076
1.0,2.0,1.0
1.0,3.0,1.0
1.0,4.0,1.0
1.0,5.0,1.0
1.0,6.0,1.0
1.0,1.0,0.9441480385320964
1.0,2.0,0.9913291015498332
1.0,3.0,1.0
1.0,4.0,1.0
1.0,5.0,1.0
1.0,6.0,1.0
1.0,1.0,0.9178719146631271
1.0,2.0,0.9941197782851312
1.0,3.0,1.0
1.0,4.0,1.0
1.0,5.0,1.0
1.0,6.0,1.0
1.0,1.0,0.7817491698756313
1.0,2.0,0.9175226681616412
1.0,3.0,1.0
1.0,4.0,1.0
1.0,5.0,1.0
1.0,6.0,1.0
1.0,1.0,0.919695127430748
1.0,2.0,0.992629684574446
1.0,3.0,1.0
1.0,4.0,1.0
1.0,5.0,1.0
1.0,6.0,1.0
1.0,1.0,0.9252668779593624
1.0,2.0,1.0
1.0,3.0,1.0
1.0,4.0,1.0
1.0,5.0,1.0
1.0,6.0,1.0
1.0,1.0,0.8432927467235175
1.0,2.0,0.9250382987548268
1.0,3.0,1.0
1.0,4.0,1.0
1.0,5.0,1.0
1.0,6.0,1.0
1.0,1.0,0.8679711066396385
1.0,2.0,0.9358797773357762
1.0,3.0,1.0
1.0,4.0,1.0
1.0,5.0,1.0
1.0,6.0,1.0
1.0,1.0,0.8081771373860742
1.0,2.0,0.9134483155956608
1.0,3.0,1.0
1.0,4.0,1.0
1.0,5.0,1.0
1.0,6.0,1.0
1.0,1.0,0.9245480784334776
1.0,2.0,1.0
1.0,3.0,1.0
1.0,4.0,1.0
1.0,5.0,1.0
1.0,6.0,1.0
1.0,1.0,0.9899109729360756
1.0,2.0,0.9975800449867912
1.0,3.0,1.0
1.0,4.0,1.0
1.0,5.0,1.0
1.0,6.0,1.0
1.0,1.0,0.8292933681678102
1.0,2.0,0.9228005735230044
1.0,3.0,1.0
1.0,4.0,1.0
1.0,5.0,1.0
1.0,6.0,1.0
1.0,1.0,0.7856685461477502
1.0,2.0,0.8957390847402062
1.0,3.0,1.0
1.0,4.0,1.0
1.0,5.0,1.0
1.0,6.0,1.0
1.0,1.0,0.9331197469589416
1.0,2.0,0.9903352922209792
1.0,3.0,1.0
1.0,4.0,1.0
1.0,5.0,1.0
1.0,6.0,1.0
1.0,1.0,0.9817786918864516
1.0,2.0,0.9975015834830616
1.0,3.0,1.0
1.0,4.0,1.0
1.0,5.0,1.0
1.0,6.0,1.0
1.0,1.0,0.8113553853498856
1.0,2.0,0.9135305212311452
1.0,3.0,1.0
1.0,4.0,1.0
1.0,5.0,1.0
2.0,6.0,1.0
2.0,1.0,0.7815758415630131
2.0,2.0,0.8665077522236851
2.0,3.0,0.9138269463838096
2.0,4.0,0.9577848263028864
2.0,5.0,0.9863313934701196
2.0,6.0,1.0
2.0,1.0,0.7862290417022441
2.0,2.0,0.8726299099345683
2.0,3.0,0.957259277008778
2.0,4.0,0.9806524958084302
2.0,5.0,0.9997053213353716
2.0,6.0,1.0
2.0,1.0,0.8448200243316832
2.0,2.0,0.9221903589738332
2.0,3.0,0.9861981970400692
2.0,4.0,0.9999434507652568
2.0,5.0,1.0
2.0,6.0,1.0
2.0,1.0,0.7500181148215931
2.0,2.0,0.8559728728503759
2.0,3.0,0.9232510895221466
2.0,4.0,0.98453728388767
2.0,5.0,1.0
2.0,6.0,1.0
2.0,1.0,0.7741788258677904
2.0,2.0,0.8628649841651398
2.0,3.0,0.8997693193813309
2.0,4.0,0.9363692753507188
2.0,5.0,0.9701638410986836
2.0,6.0,1.0
2.0,1.0,0.8367903706576412
2.0,2.0,0.9161980937201162
2.0,3.0,0.970390377752687
2.0,4.0,1.0
2.0,5.0,1.0
2.0,6.0,1.0
2.0,1.0,0.7667719251259344
2.0,2.0,0.8448458362315162
2.0,3.0,0.9018858935256951
2.0,4.0,0.9535623504061196
2.0,5.0,0.9824351550658648
2.0,6.0,1.0
2.0,1.0,0.8457703275274479
2.0,2.0,0.9054394835514707
2.0,3.0,0.9589981730660416
2.0,4.0,1.0
2.0,5.0,1.0
2.0,6.0,1.0
2.0,1.0,0.7411582974577523
2.0,2.0,0.8190395306593469
2.0,3.0,0.8740589998824672
2.0,4.0,0.9285457769525032
2.0,5.0,0.9774602219518144
2.0,6.0,1.0
2.0,1.0,0.7888220345396245
2.0,2.0,0.8940441038532632
2.0,3.0,0.9547063612783906
2.0,4.0,1.0
2.0,5.0,1.0
2.0,6.0,1.0
2.0,1.0,0.8553932720032887
2.0,2.0,0.9306407229014884
2.0,3.0,1.0
2.0,4.0,1.0
2.0,5.0,1.0
2.0,6.0,1.0
2.0,1.0,0.8223273078319434
2.0,2.0,0.9020531006132336
2.0,3.0,0.9715664425796604
2.0,4.0,0.9972125617902085
2.0,5.0,1.0
2.0,6.0,1.0
2.0,1.0,0.7670158639337284
2.0,2.0,0.8478595675804351
2.0,3.0,0.9231331644071822
2.0,4.0,0.9651970539459998
2.0,5.0,1.0
2.0,6.0,1.0
2.0,1.0,0.7737088056654268
2.0,2.0,0.8572469997961373
2.0,3.0,0.9291267190489878
2.0,4.0,0.9866673466134828
2.0,5.0,0.999990797810965
2.0,6.0,1.0
2.0,1.0,0.8244098983377962
2.0,2.0,0.92007087348799
2.0,3.0,0.9807658608082016
2.0,4.0,0.9984116308556306
2.0,5.0,1.0
2.0,6.0,1.0
2.0,1.0,0.8459159131587081
2.0,2.0,0.9066438033950704
2.0,3.0,0.9631391895897636
2.0,4.0,1.0
2.0,5.0,1.0
2.0,6.0,1.0
2.0,1.0,0.7853526714085785
2.0,2.0,0.8580286754415305
2.0,3.0,0.917082932433904
2.0,4.0,0.9614385080455892
2.0,5.0,0.9859374918446788
2.0,6.0,1.0
2.0,1.0,0.8643104022199166
2.0,2.0,0.9471210334772896
2.0,3.0,0.9855454720461012
2.0,4.0,1.0
2.0,5.0,1.0
2.0,6.0,1.0
2.0,1.0,0.8928990386940735
2.0,2.0,0.9732853771400284
2.0,3.0,0.9925276368431432
2.0,4.0,1.0
2.0,5.0,1.0
2.0,6.0,1.0
2.0,1.0,0.7863657772152298
2.0,2.0,0.8589304389993359
2.0,3.0,0.9308239001192076
2.0,4.0,0.9747682233545222
2.0,5.0,1.0
2.0,6.0,1.0
2.0,1.0,0.8592891892109359
2.0,2.0,0.9457899954713496
2.0,3.0,1.0
2.0,4.0,1.0
2.0,5.0,1.0
2.0,6.0,1.0
2.0,1.0,0.9026774996825148
2.0,2.0,0.9458845865832556
2.0,3.0,0.9824874103418972
2.0,4.0,0.9912645452860376
2.0,5.0,1.0
2.0,6.0,1.0
2.0,1.0,0.8092875732129745
2.0,2.0,0.8768783697034808
2.0,3.0,0.9308335055298032
2.0,4.0,0.9682122466967328
2.0,5.0,1.0
2.0,6.0,1.0
2.0,1.0,0.7381382564850747
2.0,2.0,0.826830792565891
2.0,3.0,0.908667500136788
2.0,4.0,0.9610541138897436
2.0,5.0,1.0
2.0,6.0,1.0
2.0,1.0,0.8981853799050079
2.0,2.0,0.9553076940590699
2.0,3.0,0.9999423669102552
2.0,4.0,1.0
2.0,5.0,1.0
2.0,6.0,1.0
2.0,1.0,0.8786605280365467
2.0,2.0,0.9348524312375962
2.0,3.0,0.9828114335562776
2.0,4.0,1.0
2.0,5.0,1.0
2.0,6.0,1.0
2.0,1.0,0.7209724171748222
2.0,2.0,0.8185768847894057
2.0,3.0,0.8771041743272472
2.0,4.0,0.921525471194202
2.0,5.0,0.9651420485657124
2.0,6.0,1.0
2.0,1.0,0.9004976683205691
2.0,2.0,0.958711846080314
2.0,3.0,0.9969604175472424
2.0,4.0,1.0
2.0,5.0,1.0
2.0,6.0,1.0
2.0,1.0,0.7714051646106347
2.0,2.0,0.8600138567772788
2.0,3.0,0.9219965222712252
2.0,4.0,0.963205382475138
2.0,5.0,1.0
2.0,6.0,1.0
2.0,1.0,0.7131671853192986
2.0,2.0,0.805263035816585
2.0,3.0,0.8725555084668468
2.0,4.0,0.9351373438690391
2.0,5.0,0.9910707949796372
2.0,6.0,1.0
2.0,1.0,0.8602731197406468
2.0,2.0,0.9350041921743552
2.0,3.0,0.9834754632875083
2.0,4.0,0.9934574760335758
2.0,5.0,1.0
2.0,6.0,1.0
2.0,1.0,0.8223346510006304
2.0,2.0,0.8953900341808045
2.0,3.0,0.943110467882616
2.0,4.0,0.9750585759027914
2.0,5.0,0.9991952541661926
2.0,6.0,1.0
2.0,1.0,0.804549501796162
2.0,2.0,0.8712794841811621
2.0,3.0,0.9327862870029512
2.0,4.0,0.9818405500873602
2.0,5.0,1.0
2.0,6.0,1.0
2.0,1.0,0.9186122644762176
2.0,2.0,0.9552666954937066
2.0,3.0,0.9741537727142104
2.0,4.0,0.9891892576229798
2.0,5.0,1.0
2.0,6.0,1.0
2.0,1.0,0.83534019226565
2.0,2.0,0.9100785923520174
2.0,3.0,0.9691649958430468
2.0,4.0,1.0
2.0,5.0,1.0
2.0,6.0,1.0
2.0,1.0,0.8519508712294671
2.0,2.0,0.9432803831235524
2.0,3.0,1.0
2.0,4.0,1.0
2.0,5.0,1.0
2.0,6.0,1.0
2.0,1.0,0.7334131762340848
2.0,2.0,0.8105143252283341
2.0,3.0,0.8836998788020289
2.0,4.0,0.9399989288679024
2.0,5.0,0.9930015134257448
2.0,6.0,1.0
2.0,1.0,0.7427168815720389
2.0,2.0,0.8254507197601171
2.0,3.0,0.8929871498480231
2.0,4.0,0.9559053238327846
2.0,5.0,0.98447765143152
2.0,6.0,1.0
2.0,1.0,0.8805964996503323
2.0,2.0,0.9413469788622936
2.0,3.0,1.0
2.0,4.0,1.0
2.0,5.0,1.0
2.0,6.0,1.0
2.0,1.0,0.9347911014503688
2.0,2.0,0.9908824271614484
2.0,3.0,1.0
2.0,4.0,1.0
2.0,5.0,1.0
2.0,6.0,1.0
2.0,1.0,0.8029630615355341
2.0,2.0,0.8767288098598244
2.0,3.0,0.9364305119323396
2.0,4.0,0.9939479686660344
2.0,5.0,1.0
2.0,6.0,1.0
2.0,1.0,0.8208183672092119
2.0,2.0,0.8799916301070526
2.0,3.0,0.932723386542296
2.0,4.0,0.9707060070653856
2.0,5.0,1.0
2.0,6.0,1.0
2.0,1.0,0.902825329813786
2.0,2.0,0.948762529162975
2.0,3.0,0.974911666739676
2.0,4.0,0.9978845107990304
2.0,5.0,1.0
2.0,6.0,1.0
2.0,1.0,0.8229861414440011
2.0,2.0,0.8870098340822377
2.0,3.0,0.9485471291403992
2.0,4.0,1.0
2.0,5.0,1.0
2.0,6.0,1.0
2.0,1.0,0.8744713954658385
2.0,2.0,0.916864143386635
2.0,3.0,0.951161462553328
2.0,4.0,0.9770292644846088
2.0,5.0,1.0
2.0,6.0,1.0
2.0,1.0,0.8465247239276182
2.0,2.0,0.901375393556137
2.0,3.0,0.9441759430712696
2.0,4.0,0.9674596923186868
2.0,5.0,0.985008062296236
2.0,6.0,1.0
2.0,1.0,0.7790603818865326
2.0,2.0,0.8746365669366676
2.0,3.0,0.9484433381372211
2.0,4.0,0.9821271096536514
2.0,5.0,1.0
2.0,6.0,1.0
2.0,1.0,0.7715875311150054
2.0,2.0,0.8542198296521938
2.0,3.0,0.9327011217227776
2.0,4.0,0.9968240634763428
2.0,5.0,1.0
2.0,6.0,1.0
2.0,1.0,0.8546726591064112
2.0,2.0,0.9439842390949384
2.0,3.0,0.9859187614210576
2.0,4.0,1.0
2.0,5.0,1.0
2.0,6.0,1.0
2.0,1.0,0.8583888198586325
2.0,2.0,0.9240579710440155
2.0,3.0,0.964031458099987
2.0,4.0,1.0
2.0,5.0,1.0
2.0,6.0,1.0
2.0,1.0,0.8116124745219692
2.0,2.0,0.8914274284748336
2.0,3.0,0.9452097050825248
2.0,4.0,0.9856517166915174
2.0,5.0,0.9946032246138408
2.0,6.0,1.0
2.0,1.0,0.8256586578322265
2.0,2.0,0.8825079897622359
2.0,3.0,0.9299171161063158
2.0,4.0,0.9755823481311284
2.0,5.0,1.0
2.0,6.0,1.0
2.0,1.0,0.7956693070221773
2.0,2.0,0.8713705568768334
2.0,3.0,0.9231042415788466
2.0,4.0,0.9546497413432408
2.0,5.0,0.9781123395140352
2.0,6.0,1.0
2.0,1.0,0.8150135356976848
2.0,2.0,0.902956860712644
2.0,3.0,0.9377420811691356
2.0,4.0,0.9684945419468723
2.0,5.0,0.985402087991368
2.0,6.0,1.0
2.0,1.0,0.8246319549173269
2.0,2.0,0.913149857191514
2.0,3.0,0.9613512661236908
2.0,4.0,0.9960067438292896
2.0,5.0,1.0
2.0,6.0,1.0
2.0,1.0,0.7679381695417201
2.0,2.0,0.8663668430015941
2.0,3.0,0.9433248482840391
2.0,4.0,0.9732061744409741
2.0,5.0,1.0
2.0,6.0,1.0
2.0,1.0,0.9190638285494348
2.0,2.0,0.9526785993303556
2.0,3.0,0.9821176885607104
2.0,4.0,0.9949079558106791
2.0,5.0,1.0
2.0,6.0,1.0
2.0,1.0,0.9499063480048824
2.0,2.0,0.976480915507126
2.0,3.0,1.0
2.0,4.0,1.0
2.0,5.0,1.0
2.0,6.0,1.0
2.0,1.0,0.7641816532569696
2.0,2.0,0.8600572130933287
2.0,3.0,0.9153135808414858
2.0,4.0,0.9592706225034908
2.0,5.0,1.0
2.0,6.0,1.0
2.0,1.0,0.7041032786890051
2.0,2.0,0.8106223152168069
2.0,3.0,0.8943485649704191
2.0,4.0,0.9593260639364691
2.0,5.0,1.0
2.0,6.0,1.0
2.0,1.0,0.7304771059249676
2.0,2.0,0.828387518544647
2.0,3.0,0.8928780005564588
2.0,4.0,0.9529388454690804
2.0,5.0,0.9896483062563836
2.0,6.0,1.0
2.0,1.0,0.8016660620064056
2.0,2.0,0.8860655217943206
2.0,3.0,0.9683235319623114
2.0,4.0,1.0
2.0,5.0,1.0
2.0,6.0,1.0
2.0,1.0,0.7533367812645282
2.0,2.0,0.8551522070937364
2.0,3.0,0.930707267365899
2.0,4.0,1.0
2.0,5.0,1.0
2.0,6.0,1.0
2.0,1.0,0.8950878714592166
2.0,2.0,0.9619571165521392
2.0,3.0,0.9965263294459225
2.0,4.0,1.0
2.0,5.0,1.0
2.0,6.0,1.0
2.0,1.0,0.8256193234381228
2.0,2.0,0.9059864264490606
2.0,3.0,0.953577628356916
2.0,4.0,0.9846170230815948
2.0,5.0,1.0
2.0,6.0,1.0
2.0,1.0,0.7715338147690031
2.0,2.0,0.8530602873289164
2.0,3.0,0.9243523097649444
2.0,4.0,0.9600184801707896
2.0,5.0,0.9930335113738084
2.0,6.0,1.0
2.0,1.0,0.7903445148676326
2.0,2.0,0.8764895561955081
2.0,3.0,0.9330319680683432
2.0,4.0,0.9701064464680128
2.0,5.0,1.0
2.0,6.0,1.0
2.0,1.0,0.8485112308368347
2.0,2.0,0.911545012895628
2.0,3.0,0.9673365730956912
2.0,4.0,1.0
2.0,5.0,1.0
2.0,6.0,1.0
2.0,1.0,0.7650781565898681
2.0,2.0,0.8703780833288749
2.0,3.0,0.9642306451450052
2.0,4.0,0.9995400152494736
2.0,5.0,1.0
2.0,6.0,1.0
2.0,1.0,0.9237438212066836
2.0,2.0,0.9597888328189148
2.0,3.0,0.9794171043315244
2.0,4.0,0.9932166235155832
2.0,5.0,1.0
2.0,6.0,1.0
2.0,1.0,0.8549397911854024
2.0,2.0,0.9146768681837818
2.0,3.0,0.958464939742174
2.0,4.0,0.9835007184544464
2.0,5.0,1.0
2.0,6.0,1.0
2.0,1.0,0.7568837355629311
2.0,2.0,0.8643270117084941
2.0,3.0,0.9377405194802584
2.0,4.0,0.9932333010080026
2.0,5.0,1.0
2.0,6.0,1.0
2.0,1.0,0.8353208556018074
2.0,2.0,0.9332999571130806
2.0,3.0,0.9973583927044101
2.0,4.0,1.0
2.0,5.0,1.0
2.0,6.0,1.0
2.0,1.0,0.8244312286699197
2.0,2.0,0.9004573967086124
2.0,3.0,0.9679094274431596
2.0,4.0,0.9899090158907106
2.0,5.0,1.0
2.0,6.0,1.0
2.0,1.0,0.90911443454565
2.0,2.0,0.9687212647577262
2.0,3.0,0.9943244598637021
2.0,4.0,1.0
2.0,5.0,1.0
2.0,6.0,1.0
2.0,1.0,0.8281536885855264
2.0,2.0,0.8905669801011727
2.0,3.0,0.9444780055992156
2.0,4.0,0.9825518149457888
2.0,5.0,1.0
2.0,6.0,1.0
2.0,1.0,0.7987349509729836
2.0,2.0,0.8802634822826146
2.0,3.0,0.9589013101564352
2.0,4.0,0.9893778747323388
2.0,5.0,1.0
2.0,6.0,1.0
2.0,1.0,0.8151095175754102
2.0,2.0,0.9157855731914174
2.0,3.0,0.9834767140335032
2.0,4.0,1.0
2.0,5.0,1.0
2.0,6.0,1.0
2.0,1.0,0.8823169839024196
2.0,2.0,0.9391875460898782
2.0,3.0,0.9742851199531972
2.0,4.0,1.0
2.0,5.0,1.0
2.0,6.0,1.0
2.0,1.0,0.8646198653066471
2.0,2.0,0.9393390461791192
2.0,3.0,0.9633598186173444
2.0,4.0,0.9847944401324709
2.0,5.0,1.0
2.0,6.0,1.0
2.0,1.0,0.8599969798473662
2.0,2.0,0.9174830398003544
2.0,3.0,0.9740499843424438
2.0,4.0,0.9882085480920388
2.0,5.0,1.0
2.0,6.0,1.0
2.0,1.0,0.838299914970511
2.0,2.0,0.9148403991840242
2.0,3.0,0.9908167257764536
2.0,4.0,1.0
2.0,5.0,1.0
2.0,6.0,1.0
2.0,1.0,0.8187746652613974
2.0,2.0,0.9037126560599666
2.0,3.0,0.9551103786810768
2.0,4.0,1.0
2.0,5.0,1.0
2.0,6.0,1.0
2.0,1.0,0.8252005483221471
2.0,2.0,0.9045803851805384
2.0,3.0,0.9618926163040704
2.0,4.0,0.9911760212545944
2.0,5.0,1.0
2.0,6.0,1.0
2.0,1.0,0.7895144040866315
2.0,2.0,0.8579511091533792
2.0,3.0,0.9170025180403609
2.0,4.0,0.9736767525511856
2.0,5.0,0.9967054404940338
2.0,6.0,1.0
2.0,1.0,0.8064865416366477
2.0,2.0,0.8804702181076852
2.0,3.0,0.938021367377485
2.0,4.0,0.9730506048818348
2.0,5.0,1.0
2.0,6.0,1.0
2.0,1.0,0.7357325616429282
2.0,2.0,0.8283743233227647
2.0,3.0,0.8977086462436406
2.0,4.0,0.96103610653714
2.0,5.0,0.9867008259767476
2.0,6.0,1.0
2.0,1.0,0.8606442599990819
2.0,2.0,0.9331782318254312
2.0,3.0,0.9683197517169688
2.0,4.0,0.9884266186667432
2.0,5.0,1.0
2.0,6.0,1.0
2.0,1.0,0.7895517307172805
2.0,2.0,0.8719947421121633
2.0,3.0,0.9499194514385824
2.0,4.0,1.0
2.0,5.0,1.0
2.0,6.0,1.0
2.0,1.0,0.9035225204124532
2.0,2.0,0.9531541628870208
2.0,3.0,0.9771049215801608
2.0,4.0,1.0
2.0,5.0,1.0
2.0,6.0,1.0
2.0,1.0,0.7331058369694239
2.0,2.0,0.817348769555032
2.0,3.0,0.8974699829665419
2.0,4.0,0.9579992787892988
2.0,5.0,1.0
2.0,6.0,1.0
2.0,1.0,0.7273898314735743
2.0,2.0,0.8092881053629192
2.0,3.0,0.873349580134143
2.0,4.0,0.9363518858163994
2.0,5.0,0.9826553402935028
2.0,6.0,1.0
2.0,1.0,0.8102849416408173
2.0,2.0,0.9116121907149524
2.0,3.0,0.9561619930989412
2.0,4.0,0.995011021051326
2.0,5.0,1.0
2.0,6.0,1.0
2.0,1.0,0.7921621773125856
2.0,2.0,0.8798417257823341
2.0,3.0,0.9531336568101616
2.0,4.0,0.9999659631144796
2.0,5.0,1.0
2.0,6.0,1.0
2.0,1.0,0.8439205965347597
2.0,2.0,0.9288301103268948
2.0,3.0,0.9697498551052358
2.0,4.0,0.9934108706592504
2.0,5.0,1.0
2.0,6.0,1.0
2.0,1.0,0.8980077312875279
2.0,2.0,0.9372770360287982
2.0,3.0,0.9607720059064474
2.0,4.0,0.9819805188856014
2.0,5.0,0.9980325020831584
2.0,6.0,1.0
2.0,1.0,0.9129660438438256
2.0,2.0,0.9539536251035518
2.0,3.0,0.9794364467243898
2.0,4.0,1.0
2.0,5.0,1.0
2.0,6.0,1.0
2.0,1.0,0.8336467854171216
2.0,2.0,0.8857321429906644
2.0,3.0,0.9279863779871528
2.0,4.0,0.9663570034257494
2.0,5.0,0.989566042756025
2.0,6.0,1.0
2.0,1.0,0.7722186736351416
2.0,2.0,0.8364645650323346
2.0,3.0,0.9006915173322336
2.0,4.0,0.940216446798601
2.0,5.0,0.9738146375173354
2.0,6.0,1.0
2.0,1.0,0.8872860814161233
2.0,2.0,0.938857529272256
2.0,3.0,0.9765066508838663
2.0,4.0,0.9939936636195236
2.0,5.0,1.0
3.0,6.0,1.0
3.0,1.0,0.7164492566203018
3.0,2.0,0.9607876143544322
3.0,3.0,0.9871208554586706
3.0,4.0,1.0
3.0,5.0,1.0
3.0,6.0,1.0
3.0,1.0,0.9048344723512344
3.0,2.0,0.9550091386480196
3.0,3.0,0.9756063022341
3.0,4.0,0.9884881929352032
3.0,5.0,1.0
3.0,6.0,1.0
3.0,1.0,0.8789346092100034
3.0,2.0,0.9191360444724088
3.0,3.0,0.9479829262555828
3.0,4.0,0.9700916562052724
3.0,5.0,0.9885137535837664
3.0,6.0,1.0
3.0,1.0,0.7339711679483752
3.0,2.0,0.9166031914092178
3.0,3.0,1.0
3.0,4.0,1.0
3.0,5.0,1.0
3.0,6.0,1.0
3.0,1.0,0.8458430510823977
3.0,2.0,0.902814983856836
3.0,3.0,0.9355384986487412
3.0,4.0,0.9670591686663694
3.0,5.0,0.9840599138516616
3.0,6.0,1.0
3.0,1.0,0.8881418731779092
3.0,2.0,0.9271327759698342
3.0,3.0,0.9610575847608208
3.0,4.0,0.9846111853536784
3.0,5.0,1.0
3.0,6.0,1.0
3.0,1.0,0.8982140858555595
3.0,2.0,0.931063453295812
3.0,3.0,0.961615224437446
3.0,4.0,0.9858187465875844
3.0,5.0,0.9930034162608816
3.0,6.0,1.0
3.0,1.0,0.8230877288862344
3.0,2.0,0.8677738287998892
3.0,3.0,0.95667739970493
3.0,4.0,0.95667739970493
3.0,5.0,0.9848578468026676
3.0,6.0,1.0
3.0,1.0,0.8793182805971824
3.0,2.0,0.9509583791144202
3.0,3.0,0.9786775962695742
3.0,4.0,0.9984799637489428
3.0,5.0,0.9994785326245726
3.0,6.0,1.0
3.0,1.0,0.7961392943970866
3.0,2.0,0.8665686980853258
3.0,3.0,0.9364757906544742
3.0,4.0,0.9937311216693416
3.0,5.0,1.0
3.0,6.0,1.0
3.0,1.0,0.8665765128796676
3.0,2.0,0.9358838661743624
3.0,3.0,1.0
3.0,4.0,1.0
3.0,5.0,1.0
3.0,6.0,1.0
3.0,1.0,0.9285233995036032
3.0,2.0,0.95973461076518
3.0,3.0,0.9849372616927212
3.0,4.0,1.0
3.0,5.0,1.0
3.0,6.0,1.0
3.0,1.0,0.8850239891061363
3.0,2.0,0.9312742315883348
3.0,3.0,0.9717487583746844
3.0,4.0,0.9856547490651116
3.0,5.0,0.9967395717671316
3.0,6.0,1.0
3.0,1.0,0.8273727882955909
3.0,2.0,0.8990310172245706
3.0,3.0,0.9516077559479926
3.0,4.0,0.9920983037460934
3.0,5.0,1.0
3.0,6.0,1.0
3.0,1.0,0.8726595828461723
3.0,2.0,0.909464328319716
3.0,3.0,0.9368661756059518
3.0,4.0,0.963728517359422
3.0,5.0,0.9854935020147564
3.0,6.0,1.0
3.0,1.0,0.9334009211516764
3.0,2.0,0.9334009211516764
3.0,3.0,0.9603338608333112
3.0,4.0,0.9811842154926032
3.0,5.0,0.9907437671353818
3.0,6.0,1.0
3.0,1.0,0.8369285353462419
3.0,2.0,0.8926424075784194
3.0,3.0,0.9388559775954308
3.0,4.0,0.9709239733628956
3.0,5.0,0.9887265588976883
3.0,6.0,1.0
3.0,1.0,0.8441466110137388
3.0,2.0,0.9224007470111109
3.0,3.0,1.0
3.0,4.0,1.0
3.0,5.0,1.0
3.0,6.0,1.0
3.0,1.0,0.8390744730668961
3.0,2.0,0.9228595887123132
3.0,3.0,1.0
3.0,4.0,1.0
3.0,5.0,1.0
3.0,6.0,1.0
3.0,1.0,0.8937258158630024
3.0,2.0,0.9230123716184714
3.0,3.0,0.939914690723686
3.0,4.0,0.939914690723686
3.0,5.0,0.939914690723686
3.0,6.0,1.0
3.0,1.0,0.8362763117547951
3.0,2.0,0.8816505190142864
3.0,3.0,0.919519671463473
3.0,4.0,0.9531872738847396
3.0,5.0,0.9797506030195288
3.0,6.0,1.0
3.0,1.0,0.9240389780838968
3.0,2.0,0.9564223705250892
3.0,3.0,0.9791129312913132
3.0,4.0,1.0
3.0,5.0,1.0
3.0,6.0,1.0
3.0,1.0,0.8297219833942618
3.0,2.0,0.9231305698092628
3.0,3.0,0.9915706182545508
3.0,4.0,1.0
3.0,5.0,1.0
3.0,6.0,1.0
3.0,1.0,0.7642669151034465
3.0,2.0,0.8605500060356743
3.0,3.0,0.9436346838180756
3.0,4.0,1.0
3.0,5.0,1.0
3.0,6.0,1.0
3.0,1.0,0.9157228483654832
3.0,2.0,0.981700300260672
3.0,3.0,1.0
3.0,4.0,1.0
3.0,5.0,1.0
3.0,6.0,1.0
3.0,1.0,0.9152957404528314
3.0,2.0,0.9738514163693028
3.0,3.0,0.982580398154242
3.0,4.0,0.9911559489280684
3.0,5.0,0.9994383610304762
3.0,6.0,1.0
3.0,1.0,0.8887307224948028
3.0,2.0,0.941431545603876
3.0,3.0,0.986963748724061
3.0,4.0,0.9940753977725388
3.0,5.0,0.9993546906156232
3.0,6.0,1.0
3.0,1.0,0.6812269515173812
3.0,2.0,0.9223694545955136
3.0,3.0,0.9638800551903776
3.0,4.0,1.0
3.0,5.0,1.0
3.0,6.0,1.0
3.0,1.0,0.8093520421854311
3.0,2.0,0.8707495434513925
3.0,3.0,0.9154812713978924
3.0,4.0,0.9562904646791596
3.0,5.0,0.9845341553394796
3.0,6.0,1.0
3.0,1.0,0.8957656141511888
3.0,2.0,0.9343885339740831
3.0,3.0,0.9656303503360512
3.0,4.0,0.9850462075275872
3.0,5.0,0.9947108450036038
3.0,6.0,1.0
3.0,1.0,0.8223496812899337
3.0,2.0,0.8756887631130672
3.0,3.0,0.9250169509241402
3.0,4.0,0.9708623682964116
3.0,5.0,0.9878202542776426
3.0,6.0,1.0
3.0,1.0,0.7448889506598317
3.0,2.0,0.9417846314047734
3.0,3.0,1.0
3.0,4.0,1.0
3.0,5.0,1.0
3.0,6.0,1.0
3.0,1.0,0.9872744253603936
3.0,2.0,0.9943093670758596
3.0,3.0,1.0
3.0,4.0,1.0
3.0,5.0,1.0
3.0,6.0,1.0
3.0,1.0,0.8256513867941399
3.0,2.0,0.8700011259115672
3.0,3.0,0.9122766511227492
3.0,4.0,0.9528826305589028
3.0,5.0,0.9826970087561362
3.0,6.0,1.0
3.0,1.0,0.8236637953901509
3.0,2.0,0.8236637953901509
3.0,3.0,1.0
3.0,4.0,1.0
3.0,5.0,1.0
3.0,6.0,1.0
3.0,1.0,0.911374174786006
3.0,2.0,0.944863081059082
3.0,3.0,0.9701297591975564
3.0,4.0,0.9912170658741338
3.0,5.0,1.0
3.0,6.0,1.0
3.0,1.0,0.8295126331207762
3.0,2.0,0.8906798786890995
3.0,3.0,0.929595972835657
3.0,4.0,0.9625285167928721
3.0,5.0,0.9830521754709064
3.0,6.0,1.0
3.0,1.0,0.881852070174215
3.0,2.0,0.9300100935174166
3.0,3.0,0.9576003440760048
3.0,4.0,0.984386689418584
3.0,5.0,0.9940810141412934
3.0,6.0,1.0
3.0,1.0,0.934161992498876
3.0,2.0,0.9826769473633756
3.0,3.0,1.0
3.0,4.0,1.0
3.0,5.0,1.0
3.0,6.0,1.0
3.0,1.0,0.826619121868783
3.0,2.0,0.9067690665932344
3.0,3.0,0.9620887538256088
3.0,4.0,1.0
3.0,5.0,1.0
3.0,6.0,1.0
3.0,1.0,0.9582904957764972
3.0,2.0,0.9790727071871768
3.0,3.0,0.9898142558005182
3.0,4.0,0.9981141637239028
3.0,5.0,1.0
3.0,6.0,1.0
3.0,1.0,0.8882342070362022
3.0,2.0,0.8882342070362022
3.0,3.0,1.0
3.0,4.0,1.0
3.0,5.0,1.0
3.0,6.0,1.0
3.0,1.0,0.8963160410283059
3.0,2.0,0.9411089673912064
3.0,3.0,0.9641859977572736
3.0,4.0,0.980989664440698
3.0,5.0,0.992519158974823
3.0,6.0,1.0
3.0,1.0,0.9185571250803548
3.0,2.0,0.9579184046036976
3.0,3.0,0.9898969828917724
3.0,4.0,1.0
3.0,5.0,1.0
3.0,6.0,1.0
3.0,1.0,0.7181434026873559
3.0,2.0,0.9000439012321603
3.0,3.0,0.9688351748238444
3.0,4.0,1.0
3.0,5.0,1.0
3.0,6.0,1.0
3.0,1.0,0.6746895581974747
3.0,2.0,0.9391150631222104
3.0,3.0,0.9703771980489166
3.0,4.0,0.9988744201306105
3.0,5.0,1.0
3.0,6.0,1.0
3.0,1.0,0.8030235099179556
3.0,2.0,0.8636431476196665
3.0,3.0,0.910709612857234
3.0,4.0,0.943733671858376
3.0,5.0,1.0
3.0,6.0,1.0
3.0,1.0,0.8092007631701589
3.0,2.0,0.8728691702989677
3.0,3.0,0.9177911003256498
3.0,4.0,0.9557359452843744
3.0,5.0,0.9783886988012704
3.0,6.0,1.0
3.0,1.0,0.9333642456326616
3.0,2.0,0.9723565746959412
3.0,3.0,0.9983294614584416
3.0,4.0,1.0
3.0,5.0,1.0
3.0,6.0,1.0
3.0,1.0,0.837500725439207
3.0,2.0,0.8830725717616709
3.0,3.0,0.9282399515651372
3.0,4.0,0.9545095366381932
3.0,5.0,0.9776934197346768
3.0,6.0,1.0
3.0,1.0,0.9054071698567036
3.0,2.0,0.9418792081137064
3.0,3.0,0.9676255261572332
3.0,4.0,0.984685180304187
3.0,5.0,1.0
3.0,6.0,1.0
3.0,1.0,0.8126649098991263
3.0,2.0,0.8860060565671402
3.0,3.0,0.9296153605980888
3.0,4.0,0.9680409240316488
3.0,5.0,0.9888394467090404
3.0,6.0,1.0
3.0,1.0,0.9131900154464868
3.0,2.0,0.936396293435098
3.0,3.0,0.9574446638068173
3.0,4.0,0.9749110559666304
3.0,5.0,0.9883733662823432
3.0,6.0,1.0
3.0,1.0,0.6730591478216549
3.0,2.0,0.9705699390522916
3.0,3.0,0.9972413373941807
3.0,4.0,1.0
3.0,5.0,1.0
3.0,6.0,1.0
3.0,1.0,0.8795415449724134
3.0,2.0,0.941463612804073
3.0,3.0,0.9597854983253707
3.0,4.0,0.975593453308322
3.0,5.0,0.9898240329441034
3.0,6.0,1.0
3.0,1.0,0.7871396211793158
3.0,2.0,0.9597598261851006
3.0,3.0,1.0
3.0,4.0,1.0
3.0,5.0,1.0
3.0,6.0,1.0
3.0,1.0,0.7083638694836111
3.0,2.0,0.9112944530357372
3.0,3.0,0.9764730768212484
3.0,4.0,1.0
3.0,5.0,1.0
3.0,6.0,1.0
3.0,1.0,0.7602204136072542
3.0,2.0,0.9226968113804106
3.0,3.0,0.9743373380400124
3.0,4.0,0.9944477216693556
3.0,5.0,0.9997583529697412
3.0,6.0,1.0
3.0,1.0,0.9326965824776702
3.0,2.0,0.99438245216542
3.0,3.0,1.0
3.0,4.0,1.0
3.0,5.0,1.0
3.0,6.0,1.0
3.0,1.0,0.9070983886163068
3.0,2.0,0.9603006936340316
3.0,3.0,0.9947492069742768
3.0,4.0,0.9987766786374064
3.0,5.0,1.0
3.0,6.0,1.0
3.0,1.0,0.8512437747087951
3.0,2.0,0.9159230916409412
3.0,3.0,0.9456273392494045
3.0,4.0,0.9706036649063348
3.0,5.0,0.9914996092746792
3.0,6.0,1.0
3.0,1.0,0.8337033330270814
3.0,2.0,0.8898923048512093
3.0,3.0,0.9269594657191996
3.0,4.0,0.962422377662224
3.0,5.0,1.0
3.0,6.0,1.0
3.0,1.0,0.8614903806179108
3.0,2.0,0.9115504252840688
3.0,3.0,0.9459186495307288
3.0,4.0,0.9784612151384692
3.0,5.0,0.991996801428353
3.0,6.0,1.0
3.0,1.0,0.8708782764968918
3.0,2.0,0.9280062665415216
3.0,3.0,0.9631752649261636
3.0,4.0,0.9886709653918788
3.0,5.0,0.9973050934635906
3.0,6.0,1.0
3.0,1.0,0.7324152567686929
3.0,2.0,0.9101182656682208
3.0,3.0,0.9962302102608712
3.0,4.0,0.9962302102608712
3.0,5.0,0.9962302102608712
3.0,6.0,1.0
3.0,1.0,0.8345614096618973
3.0,2.0,0.8901944148860486
3.0,3.0,0.9347993338510152
3.0,4.0,0.9673432053975916
3.0,5.0,0.9888432084200602
3.0,6.0,1.0
3.0,1.0,0.8971866570396544
3.0,2.0,0.9612124645899208
3.0,3.0,0.9927280788775992
3.0,4.0,0.9927280788775992
3.0,5.0,1.0
3.0,6.0,1.0
3.0,1.0,0.884188420374278
3.0,2.0,0.9526370307883
3.0,3.0,0.9676898243414472
3.0,4.0,0.9808527576644744
3.0,5.0,0.991714149040925
3.0,6.0,1.0
3.0,1.0,0.8595588782418219
3.0,2.0,0.918492041803076
3.0,3.0,0.962506629574457
3.0,4.0,0.9822299789187168
3.0,5.0,0.9935462067340946
3.0,6.0,1.0
3.0,1.0,0.9415292404782808
3.0,2.0,0.9415292404782808
3.0,3.0,0.9633974839407818
3.0,4.0,0.9791889067492284
3.0,5.0,0.9944382723002856
3.0,6.0,1.0
3.0,1.0,0.7778654104421031
3.0,2.0,0.9652864547639204
3.0,3.0,0.994717311357739
3.0,4.0,1.0
3.0,5.0,1.0
3.0,6.0,1.0
3.0,1.0,0.8813078119397213
3.0,2.0,0.920803828168464
3.0,3.0,0.9592690012666636
3.0,4.0,0.9889661509630456
3.0,5.0,1.0
3.0,6.0,1.0
3.0,1.0,0.7559511910786164
3.0,2.0,0.9147274154091871
3.0,3.0,0.9576025312580664
3.0,4.0,0.9794908738841968
3.0,5.0,0.9966230530997064
3.0,6.0,1.0
3.0,1.0,0.8364118938095276
3.0,2.0,0.9278042931431828
3.0,3.0,0.9834719047320892
3.0,4.0,1.0
3.0,5.0,1.0
3.0,6.0,1.0
3.0,1.0,0.932957252228878
3.0,2.0,0.9663902820142052
3.0,3.0,0.9918241080161628
3.0,4.0,1.0
3.0,5.0,1.0
3.0,6.0,1.0
3.0,1.0,0.8835306588890994
3.0,2.0,0.939289894893414
3.0,3.0,0.9929640041189378
3.0,4.0,1.0
3.0,5.0,1.0
3.0,6.0,1.0
3.0,1.0,0.8529433237986613
3.0,2.0,0.9426064704175297
3.0,3.0,1.0
3.0,4.0,1.0
3.0,5.0,1.0
3.0,6.0,1.0
3.0,1.0,0.8303221249584088
3.0,2.0,0.8303221249584088
3.0,3.0,1.0
3.0,4.0,1.0
3.0,5.0,1.0
3.0,6.0,1.0
3.0,1.0,0.8626551631177628
3.0,2.0,0.9255522528641696
3.0,3.0,0.9787020377204718
3.0,4.0,0.9926451804036132
3.0,5.0,1.0
3.0,6.0,1.0
3.0,1.0,0.8442006152564882
3.0,2.0,0.8442006152564882
3.0,3.0,0.9750432722385822
3.0,4.0,1.0
3.0,5.0,1.0
3.0,6.0,1.0
3.0,1.0,0.8760731716512602
3.0,2.0,0.9505334388619368
3.0,3.0,0.9943331441645576
3.0,4.0,0.9943331441645576
3.0,5.0,1.0
3.0,6.0,1.0
3.0,1.0,0.8195965419881764
3.0,2.0,0.8718870881846502
3.0,3.0,0.9125939974448876
3.0,4.0,0.9474904125969088
3.0,5.0,0.9781902097594468
3.0,6.0,1.0
3.0,1.0,0.8075924186220441
3.0,2.0,0.8777120439143852
3.0,3.0,0.9452646831640308
3.0,4.0,1.0
3.0,5.0,1.0
3.0,6.0,1.0
3.0,1.0,0.8186228124982531
3.0,2.0,0.895917269943124
3.0,3.0,0.9599376596825379
3.0,4.0,0.9999508096736988
3.0,5.0,1.0
3.0,6.0,1.0
3.0,1.0,0.9302678521866216
3.0,2.0,0.9677898286821898
3.0,3.0,0.9950869446228504
3.0,4.0,1.0
3.0,5.0,1.0
3.0,6.0,1.0
3.0,1.0,0.6869031487893175
3.0,2.0,0.9078222028453496
3.0,3.0,0.98566736821209
3.0,4.0,0.9943133181701774
3.0,5.0,1.0
3.0,6.0,1.0
3.0,1.0,0.8844808389586546
3.0,2.0,0.921359661191112
3.0,3.0,0.9576371391602247
3.0,4.0,0.9890413218498396
3.0,5.0,1.0
3.0,6.0,1.0
3.0,1.0,0.7203089831798842
3.0,2.0,0.9402644345582192
3.0,3.0,1.0
3.0,4.0,1.0
3.0,5.0,1.0
3.0,6.0,1.0
3.0,1.0,0.9175326226890492
3.0,2.0,0.9773351315696776
3.0,3.0,0.9912617245750605
3.0,4.0,1.0
3.0,5.0,1.0
3.0,6.0,1.0
3.0,1.0,0.8578998669743007
3.0,2.0,0.9139883891405016
3.0,3.0,0.9485420683158544
3.0,4.0,0.9800347763790797
3.0,5.0,1.0
3.0,6.0,1.0
3.0,1.0,0.9199714208821458
3.0,2.0,0.9592223554211572
3.0,3.0,0.97690250737639
3.0,4.0,0.9875422976842932
3.0,5.0,0.9955010438379682
3.0,6.0,1.0
3.0,1.0,0.7671998622903845
3.0,2.0,0.9279653896054532
3.0,3.0,0.9975773152493058
3.0,4.0,1.0
3.0,5.0,1.0
3.0,6.0,1.0
3.0,1.0,0.8201660692170787
3.0,2.0,0.8870571102986567
3.0,3.0,0.9309416972015347
3.0,4.0,0.9744759288776528
3.0,5.0,1.0
3.0,6.0,1.0
3.0,1.0,0.8960311544602813
3.0,2.0,0.9353569271551336
3.0,3.0,0.9649632983784722
3.0,4.0,0.9916562079885788
3.0,5.0,1.0
3.0,6.0,1.0
3.0,1.0,0.8677476895511033
3.0,2.0,0.947536336158682
3.0,3.0,0.9896406919594124
3.0,4.0,0.999720841933454
3.0,5.0,1.0
3.0,6.0,1.0
3.0,1.0,0.8742018380962759
3.0,2.0,0.9116036332014938
3.0,3.0,0.9422206452168036
3.0,4.0,0.9422206452168036
3.0,5.0,0.9838244099668624
3.0,6.0,1.0
3.0,1.0,0.8390709485643986
3.0,2.0,0.9131676291014412
3.0,3.0,0.9590068646052529
3.0,4.0,1.0
3.0,5.0,1.0
3.0,6.0,1.0
3.0,1.0,0.9163491131487442
3.0,2.0,0.9772053476185504
3.0,3.0,1.0
3.0,4.0,1.0
3.0,5.0,1.0
3.0,6.0,1.0
3.0,1.0,0.8610905757237753
3.0,2.0,0.9293576024217456
3.0,3.0,0.9713593500721496
3.0,4.0,0.9870818696274738
3.0,5.0,1.0
3.0,6.0,1.0
3.0,1.0,0.6729433161450744
3.0,2.0,0.8499319422222644
3.0,3.0,0.9184128931929978
3.0,4.0,0.9644247018460445
3.0,5.0,0.9644247018460445
4.0,6.0,1.0
4.0,1.0,0.9258297362681059
4.0,2.0,0.965595953943778
4.0,3.0,0.9922835967001912
4.0,4.0,1.0
4.0,5.0,1.0
4.0,6.0,1.0
4.0,1.0,0.8534440100734212
4.0,2.0,0.9173147732532776
4.0,3.0,0.9551611470493444
4.0,4.0,0.9776980268187198
4.0,5.0,1.0
4.0,6.0,1.0
4.0,1.0,0.9649840651754436
4.0,2.0,0.9867402252471104
4.0,3.0,1.0
4.0,4.0,1.0
4.0,5.0,1.0
4.0,6.0,1.0
4.0,1.0,0.9594406515082801
4.0,2.0,0.985471065807442
4.0,3.0,1.0
4.0,4.0,1.0
4.0,5.0,1.0
4.0,6.0,1.0
4.0,1.0,0.9492839323824142
4.0,2.0,0.9808371419300256
4.0,3.0,0.9930936408505876
4.0,4.0,0.9977174899132296
4.0,5.0,1.0
4.0,6.0,1.0
4.0,1.0,0.9173094543880008
4.0,2.0,0.9649570744929272
4.0,3.0,0.9853918528601371
4.0,4.0,1.0
4.0,5.0,1.0
4.0,6.0,1.0
4.0,1.0,0.943707999173286
4.0,2.0,0.9660088533137188
4.0,3.0,0.9873905058204608
4.0,4.0,1.0
4.0,5.0,1.0
4.0,6.0,1.0
4.0,1.0,0.8936563016894351
4.0,2.0,0.9710856023001022
4.0,3.0,0.9939355821466144
4.0,4.0,1.0
4.0,5.0,1.0
4.0,6.0,1.0
4.0,1.0,0.9265808519189804
4.0,2.0,0.963496047201694
4.0,3.0,0.9823234881444856
4.0,4.0,1.0
4.0,5.0,1.0
4.0,6.0,1.0
4.0,1.0,0.9570852623880998
4.0,2.0,1.0
4.0,3.0,1.0
4.0,4.0,1.0
4.0,5.0,1.0
4.0,6.0,1.0
4.0,1.0,0.9890336817906236
4.0,2.0,1.0
4.0,3.0,1.0
4.0,4.0,1.0
4.0,5.0,1.0
4.0,6.0,1.0
4.0,1.0,0.9354699032615218
4.0,2.0,0.9621604798803132
4.0,3.0,0.9830728981586077
4.0,4.0,1.0
4.0,5.0,1.0
4.0,6.0,1.0
4.0,1.0,0.952680787571362
4.0,2.0,0.9756751565910968
4.0,3.0,0.9944558674923338
4.0,4.0,1.0
4.0,5.0,1.0
4.0,6.0,1.0
4.0,1.0,0.9737525134324556
4.0,2.0,1.0
4.0,3.0,1.0
4.0,4.0,1.0
4.0,5.0,1.0
4.0,6.0,1.0
4.0,1.0,0.9385070506033736
4.0,2.0,0.957160264845342
4.0,3.0,0.9751981956417888
4.0,4.0,0.989310569271989
4.0,5.0,1.0
4.0,6.0,1.0
4.0,1.0,0.8634906344642391
4.0,2.0,0.908444244303564
4.0,3.0,0.9439358028140395
4.0,4.0,0.9792571309464264
4.0,5.0,1.0
4.0,6.0,1.0
4.0,1.0,0.9602935849187938
4.0,2.0,0.9860017108442848
4.0,3.0,1.0
4.0,4.0,1.0
4.0,5.0,1.0
4.0,6.0,1.0
4.0,1.0,0.9695473813266688
4.0,2.0,0.9957163546214399
4.0,3.0,1.0
4.0,4.0,1.0
4.0,5.0,1.0
4.0,6.0,1.0
4.0,1.0,0.908504279170578
4.0,2.0,0.9589184989961944
4.0,3.0,1.0
4.0,4.0,1.0
4.0,5.0,1.0
4.0,6.0,1.0
4.0,1.0,0.8292630666467489
4.0,2.0,0.8846212902198017
4.0,3.0,0.8846212902198017
4.0,4.0,0.9727237507204136
4.0,5.0,1.0
4.0,6.0,1.0
4.0,1.0,0.9340232446402028
4.0,2.0,0.972576418228162
4.0,3.0,1.0
4.0,4.0,1.0
4.0,5.0,1.0
4.0,6.0,1.0
4.0,1.0,1.0
4.0,2.0,1.0
4.0,3.0,1.0
4.0,4.0,1.0
4.0,5.0,1.0
4.0,6.0,1.0
4.0,1.0,0.9767736761842176
4.0,2.0,1.0
4.0,3.0,1.0
4.0,4.0,1.0
4.0,5.0,1.0
4.0,6.0,1.0
4.0,1.0,0.921438416227825
4.0,2.0,0.9679771915524203
4.0,3.0,1.0
4.0,4.0,1.0
4.0,5.0,1.0
4.0,6.0,1.0
4.0,1.0,0.8879662534196373
4.0,2.0,0.9501264877824646
4.0,3.0,0.9797304771707114
4.0,4.0,0.9954535789060208
4.0,5.0,1.0
4.0,6.0,1.0
4.0,1.0,0.9667355585131964
4.0,2.0,0.9951136112216596
4.0,3.0,1.0
4.0,4.0,1.0
4.0,5.0,1.0
4.0,6.0,1.0
4.0,1.0,0.9003722440493739
4.0,2.0,0.948447515425316
4.0,3.0,0.9950246523436572
4.0,4.0,1.0
4.0,5.0,1.0
4.0,6.0,1.0
4.0,1.0,0.865499590878672
4.0,2.0,0.920667056710222
4.0,3.0,0.9669253679902492
4.0,4.0,1.0
4.0,5.0,1.0
4.0,6.0,1.0
4.0,1.0,0.9369395463723476
4.0,2.0,1.0
4.0,3.0,1.0
4.0,4.0,1.0
4.0,5.0,1.0
4.0,6.0,1.0
4.0,1.0,0.9072064987527344
4.0,2.0,0.9709299589152476
4.0,3.0,0.986351231557942
4.0,4.0,1.0
4.0,5.0,1.0
4.0,6.0,1.0
4.0,1.0,0.956366188153753
4.0,2.0,1.0
4.0,3.0,1.0
4.0,4.0,1.0
4.0,5.0,1.0
4.0,6.0,1.0
4.0,1.0,0.9055745888035532
4.0,2.0,0.9665587346212616
4.0,3.0,0.992080686370534
4.0,4.0,1.0
4.0,5.0,1.0
4.0,6.0,1.0
4.0,1.0,0.9669343942780404
4.0,2.0,0.9790589901046196
4.0,3.0,0.9790589901046196
4.0,4.0,1.0
4.0,5.0,1.0
4.0,6.0,1.0
4.0,1.0,0.9299388761295352
4.0,2.0,0.999013201404214
4.0,3.0,1.0
4.0,4.0,1.0
4.0,5.0,1.0
4.0,6.0,1.0
4.0,1.0,0.9928884793484968
4.0,2.0,0.9987505468905478
4.0,3.0,1.0
4.0,4.0,1.0
4.0,5.0,1.0
4.0,6.0,1.0
4.0,1.0,0.9469976517694604
4.0,2.0,0.978849117203388
4.0,3.0,0.9969115335827802
4.0,4.0,1.0
4.0,5.0,1.0
4.0,6.0,1.0
4.0,1.0,0.9708373017861408
4.0,2.0,1.0
4.0,3.0,1.0
4.0,4.0,1.0
4.0,5.0,1.0
4.0,6.0,1.0
4.0,1.0,0.9213760045636455
4.0,2.0,0.9565981028260656
4.0,3.0,0.9762233763059109
4.0,4.0,0.9893396828493513
4.0,5.0,1.0
4.0,6.0,1.0
4.0,1.0,0.9009618656903746
4.0,2.0,0.9563176835886448
4.0,3.0,0.9991542151137132
4.0,4.0,1.0
4.0,5.0,1.0
4.0,6.0,1.0
4.0,1.0,0.9606117155731744
4.0,2.0,1.0
4.0,3.0,1.0
4.0,4.0,1.0
4.0,5.0,1.0
4.0,6.0,1.0
4.0,1.0,0.8859842875511262
4.0,2.0,0.9451525902091088
4.0,3.0,0.9786610763577449
4.0,4.0,1.0
4.0,5.0,1.0
4.0,6.0,1.0
4.0,1.0,0.9383780861464488
4.0,2.0,0.9955912052482484
4.0,3.0,1.0
4.0,4.0,1.0
4.0,5.0,1.0
4.0,6.0,1.0
4.0,1.0,0.8821373880750258
4.0,2.0,0.9362994630396992
4.0,3.0,0.977723154767082
4.0,4.0,1.0
4.0,5.0,1.0
4.0,6.0,1.0
4.0,1.0,0.9152435512857168
4.0,2.0,0.9665802026191618
4.0,3.0,0.9937903826240588
4.0,4.0,1.0
4.0,5.0,1.0
4.0,6.0,1.0
4.0,1.0,0.9573302604339936
4.0,2.0,1.0
4.0,3.0,1.0
4.0,4.0,1.0
4.0,5.0,1.0
4.0,6.0,1.0
4.0,1.0,0.9968937986097506
4.0,2.0,1.0
4.0,3.0,1.0
4.0,4.0,1.0
4.0,5.0,1.0
4.0,6.0,1.0
4.0,1.0,0.9330905480658066
4.0,2.0,0.9813441995654381
4.0,3.0,0.9943938430412486
4.0,4.0,1.0
4.0,5.0,1.0
4.0,6.0,1.0
4.0,1.0,0.9225854743546328
4.0,2.0,0.950687847738241
4.0,3.0,0.950687847738241
4.0,4.0,1.0
4.0,5.0,1.0
4.0,6.0,1.0
4.0,1.0,0.9119157999450206
4.0,2.0,0.9840490308272858
4.0,3.0,0.9956600781870972
4.0,4.0,1.0
4.0,5.0,1.0
4.0,6.0,1.0
4.0,1.0,0.9331710565132608
4.0,2.0,0.9790258155034688
4.0,3.0,0.9948004439684756
4.0,4.0,1.0
4.0,5.0,1.0
4.0,6.0,1.0
4.0,1.0,0.9407332383036808
4.0,2.0,0.9625835267355826
4.0,3.0,0.983149222456723
4.0,4.0,1.0
4.0,5.0,1.0
4.0,6.0,1.0
4.0,1.0,0.8951293225565955
4.0,2.0,0.9599677695596048
4.0,3.0,1.0
4.0,4.0,1.0
4.0,5.0,1.0
4.0,6.0,1.0
4.0,1.0,0.8577739158863871
4.0,2.0,0.9266819166090472
4.0,3.0,0.972480474323288
4.0,4.0,0.9992971471379748
4.0,5.0,1.0
4.0,6.0,1.0
4.0,1.0,0.9030281467983816
4.0,2.0,0.9641692908096624
4.0,3.0,0.9861553698262256
4.0,4.0,0.9985570278376888
4.0,5.0,1.0
4.0,6.0,1.0
4.0,1.0,0.976144059637164
4.0,2.0,1.0
4.0,3.0,1.0
4.0,4.0,1.0
4.0,5.0,1.0
4.0,6.0,1.0
4.0,1.0,0.9389425842189044
4.0,2.0,0.9703661880445212
4.0,3.0,1.0
4.0,4.0,1.0
4.0,5.0,1.0
4.0,6.0,1.0
4.0,1.0,0.9988694938273344
4.0,2.0,0.9988694938273344
4.0,3.0,1.0
4.0,4.0,1.0
4.0,5.0,1.0
4.0,6.0,1.0
4.0,1.0,0.9515881352465524
4.0,2.0,0.9965746755374976
4.0,3.0,1.0
4.0,4.0,1.0
4.0,5.0,1.0
4.0,6.0,1.0
4.0,1.0,0.9348228326061576
4.0,2.0,0.9707116156321492
4.0,3.0,1.0
4.0,4.0,1.0
4.0,5.0,1.0
4.0,6.0,1.0
4.0,1.0,0.8814820292808199
4.0,2.0,0.9336384720406186
4.0,3.0,0.9706374914553164
4.0,4.0,1.0
4.0,5.0,1.0
4.0,6.0,1.0
4.0,1.0,0.8480980450730651
4.0,2.0,0.9146088610068324
4.0,3.0,0.977006172554226
4.0,4.0,1.0
4.0,5.0,1.0
4.0,6.0,1.0
4.0,1.0,0.9344908485365556
4.0,2.0,0.9624184028433604
4.0,3.0,0.9826699203847694
4.0,4.0,1.0
4.0,5.0,1.0
4.0,6.0,1.0
4.0,1.0,0.9664969202462652
4.0,2.0,0.993533350242355
4.0,3.0,1.0
4.0,4.0,1.0
4.0,5.0,1.0
4.0,6.0,1.0
4.0,1.0,0.9514765961731914
4.0,2.0,1.0
4.0,3.0,1.0
4.0,4.0,1.0
4.0,5.0,1.0
4.0,6.0,1.0
4.0,1.0,0.9706908944761478
4.0,2.0,0.9986448432503924
4.0,3.0,1.0
4.0,4.0,1.0
4.0,5.0,1.0
4.0,6.0,1.0
4.0,1.0,0.9583571965523794
4.0,2.0,0.9792239314871584
4.0,3.0,1.0
4.0,4.0,1.0
4.0,5.0,1.0
4.0,6.0,1.0
4.0,1.0,0.9575010061989976
4.0,2.0,0.9783608237832576
4.0,3.0,0.9915400239542588
4.0,4.0,1.0
4.0,5.0,1.0
4.0,6.0,1.0
4.0,1.0,0.8705187428135781
4.0,2.0,0.937594848532483
4.0,3.0,0.99089658579051
4.0,4.0,0.9996034693745586
4.0,5.0,1.0
4.0,6.0,1.0
4.0,1.0,0.9237385234828192
4.0,2.0,0.9761858765032256
4.0,3.0,0.9999528734453098
4.0,4.0,1.0
4.0,5.0,1.0
4.0,6.0,1.0
4.0,1.0,0.9078621004150128
4.0,2.0,0.9506259613217136
4.0,3.0,0.9829539979923114
4.0,4.0,1.0
4.0,5.0,1.0
4.0,6.0,1.0
4.0,1.0,0.936415665773124
4.0,2.0,1.0
4.0,3.0,1.0
4.0,4.0,1.0
4.0,5.0,1.0
4.0,6.0,1.0
4.0,1.0,0.9625237285723762
4.0,2.0,0.9998757665020868
4.0,3.0,1.0
4.0,4.0,1.0
4.0,5.0,1.0
4.0,6.0,1.0
4.0,1.0,0.9541222540241951
4.0,2.0,0.9765973594171116
4.0,3.0,0.9857214067249392
4.0,4.0,0.9937623887164748
4.0,5.0,1.0
4.0,6.0,1.0
4.0,1.0,0.8972957468806894
4.0,2.0,0.9750461874939941
4.0,3.0,1.0
4.0,4.0,1.0
4.0,5.0,1.0
4.0,6.0,1.0
4.0,1.0,0.9348343993841384
4.0,2.0,0.9933101477379516
4.0,3.0,0.9933101477379516
4.0,4.0,1.0
4.0,5.0,1.0
4.0,6.0,1.0
4.0,1.0,0.935340247039498
4.0,2.0,0.9774236569619944
4.0,3.0,0.9936972325859716
4.0,4.0,0.9990965098842044
4.0,5.0,1.0
4.0,6.0,1.0
4.0,1.0,0.9777708800734576
4.0,2.0,1.0
4.0,3.0,1.0
4.0,4.0,1.0
4.0,5.0,1.0
4.0,6.0,1.0
4.0,1.0,0.88568562534529
4.0,2.0,0.9397992819495358
4.0,3.0,0.9769775954330884
4.0,4.0,1.0
4.0,5.0,1.0
4.0,6.0,1.0
4.0,1.0,0.9020503037310972
4.0,2.0,0.9735172028504668
4.0,3.0,0.9950972787869125
4.0,4.0,1.0
4.0,5.0,1.0
4.0,6.0,1.0
4.0,1.0,0.9354065779054644
4.0,2.0,1.0
4.0,3.0,1.0
4.0,4.0,1.0
4.0,5.0,1.0
4.0,6.0,1.0
4.0,1.0,0.8759278169118743
4.0,2.0,0.9179803573585016
4.0,3.0,0.9598455625844104
4.0,4.0,1.0
4.0,5.0,1.0
4.0,6.0,1.0
4.0,1.0,0.9488132321718236
4.0,2.0,0.9920989312529712
4.0,3.0,1.0
4.0,4.0,1.0
4.0,5.0,1.0
4.0,6.0,1.0
4.0,1.0,0.9705193034903784
4.0,2.0,0.98536871543224
4.0,3.0,1.0
4.0,4.0,1.0
4.0,5.0,1.0
4.0,6.0,1.0
4.0,1.0,0.8887491136458369
4.0,2.0,0.9340835724335402
4.0,3.0,0.9737627143088656
4.0,4.0,1.0
4.0,5.0,1.0
4.0,6.0,1.0
4.0,1.0,0.9299080161584636
4.0,2.0,0.9694786364902782
4.0,3.0,1.0
4.0,4.0,1.0
4.0,5.0,1.0
4.0,6.0,1.0
4.0,1.0,0.913949850932446
4.0,2.0,0.9671213315616676
4.0,3.0,0.9963814121939522
4.0,4.0,1.0
4.0,5.0,1.0
4.0,6.0,1.0
4.0,1.0,0.9403106541103796
4.0,2.0,0.9809159333471896
4.0,3.0,0.9948063882941656
4.0,4.0,1.0
4.0,5.0,1.0
4.0,6.0,1.0
4.0,1.0,0.8952941814863803
4.0,2.0,0.95523302768466
4.0,3.0,0.9803379561549608
4.0,4.0,1.0
4.0,5.0,1.0
4.0,6.0,1.0
4.0,1.0,0.9259371234600076
4.0,2.0,0.961301888909879
4.0,3.0,0.9888483764154352
4.0,4.0,1.0
4.0,5.0,1.0
4.0,6.0,1.0
4.0,1.0,0.9155710655086712
4.0,2.0,0.970948623551224
4.0,3.0,0.9923620141548825
4.0,4.0,1.0
4.0,5.0,1.0
4.0,6.0,1.0
4.0,1.0,0.9307715562116932
4.0,2.0,0.982175949189855
4.0,3.0,1.0
4.0,4.0,1.0
4.0,5.0,1.0
4.0,6.0,1.0
4.0,1.0,0.9073225139136822
4.0,2.0,0.9073225139136822
4.0,3.0,1.0
4.0,4.0,1.0
4.0,5.0,1.0
4.0,6.0,1.0
4.0,1.0,0.9779005629892764
4.0,2.0,1.0
4.0,3.0,1.0
4.0,4.0,1.0
4.0,5.0,1.0
4.0,6.0,1.0
4.0,1.0,0.927125581097759
4.0,2.0,0.9779259764833956
4.0,3.0,0.9939942206312736
4.0,4.0,1.0
4.0,5.0,1.0
4.0,6.0,1.0
4.0,1.0,0.8814123559147602
4.0,2.0,0.954673984754844
4.0,3.0,0.9940754713064376
4.0,4.0,0.9988932195659964
4.0,5.0,1.0
4.0,6.0,1.0
4.0,1.0,0.8651840242856703
4.0,2.0,0.9129373576369852
4.0,3.0,0.9550216911685648
4.0,4.0,0.9830149686236646
4.0,5.0,1.0
4.0,6.0,1.0
4.0,1.0,0.9745673695204656
4.0,2.0,0.999607960271752
4.0,3.0,1.0
4.0,4.0,1.0
4.0,5.0,1.0
4.0,6.0,1.0
4.0,1.0,0.9391403269585684
4.0,2.0,0.9865792239343554
4.0,3.0,1.0
4.0,4.0,1.0
4.0,5.0,1.0
4.0,6.0,1.0
4.0,1.0,0.9520445954376932
4.0,2.0,0.9899189079719922
4.0,3.0,1.0
4.0,4.0,1.0
4.0,5.0,1.0
4.0,6.0,1.0
4.0,1.0,0.9313472748810392
4.0,2.0,0.9656970592191658
4.0,3.0,0.999194861954586
4.0,4.0,1.0
4.0,5.0,1.0
