max,CPF,ICRO,STO,Rand
652.9515,487.8005,442.7786,562.0458,583.6894
639.7092,492.8678,403.734,569.9575,589.3269
645.1111,460.2043,429.3506,595.6582,581.4366
582.2791,385.8889,326.2281,520.263,510.5572
698.4503,558.5984,448.6105,647.5398,639.6471
635.239,484.2954,439.7128,586.9391,599.3611
621.7947,406.3907,383.8339,542.6151,564.9793
612.1446,449.084,422.2784,536.4419,571.766
641.8054,504.3317,441.8076,584.3175,610.018
615.8751,392.1497,345.9138,553.4611,562.9195
647.9472,456.3658,435.8659,573.518,611.1883
689.6226,550.5102,380.5008,619.3967,650.6991
633.7782,430.4616,442.0132,543.8254,554.6779
656.6816,449.512,382.1263,560.855,547.2608
622.9738,476.4489,404.4811,555.8003,578.6117
640.8075,468.8583,408.6483,538.9315,550.9952
628.7982,483.7038,371.6701,560.1374,537.3051
569.476,374.6809,363.0684,500.1748,473.7595
631.4631,434.6371,380.2723,571.638,544.4303
646.2127,466.2183,457.2288,574.7553,592.8033
665.4984,518.1229,387.7596,598.5836,605.0555
624.381,426.9067,421.9691,513.4378,554.5483
671.8709,480.5144,432.393,570.4094,590.7792
629.5523,432.9691,330.1799,547.0887,564.228
635.3372,447.2886,403.126,575.4749,571.7039
663.9867,496.8955,479.8373,587.3858,606.6398
618.0203,426.3988,355.4454,531.3009,488.3546
681.8464,446.269,454.6686,616.5402,594.9661
648.1222,490.0995,418.0234,558.1422,551.1341
694.3601,514.3573,395.6738,632.5658,628.9603
668.0435,482.391,457.4013,576.9242,578.1656
600.2596,398.8087,375.954,538.6105,498.8818
648.1051,469.4071,405.8213,568.4619,587.5508
658.4733,497.6989,414.6017,586.3235,574.3866
665.2013,448.1791,400.0732,582.9865,553.4267
654.5429,521.438,449.943,584.5139,605.4996
689.4269,431.8297,449.8445,635.9379,649.244
621.6729,450.0054,368.009,529.2234,502.9691
622.3874,422.6977,413.6569,554.9599,544.9227
660.1078,418.2037,394.4195,629.933,588.6348
632.1029,448.8394,385.7524,560.7025,565.5288
687.9042,475.049,462.5852,622.8783,605.5378
669.7573,514.4381,392.1306,604.2937,587.2918
675.8927,537.5806,393.7819,620.4085,586.2208
704.0526,504.4566,455.355,633.9311,648.7024
626.9965,419.6063,392.8061,541.1426,553.7375
638.7408,444.7226,438.3277,588.5262,582.2501
649.1936,447.7619,404.4917,596.9102,578.261
630.28,491.1247,401.3838,529.1561,540.5503
657.5759,434.0883,382.1377,544.1295,568.6424
620.5352,484.7088,460.4206,561.379,538.408
631.5245,492.7342,382.447,558.949,556.4674
676.6096,479.446,504.0656,610.7136,606.7062
636.6108,480.8446,404.6335,580.1215,590.4583
665.6838,493.3282,469.6445,618.0923,593.4623
670.3856,431.5547,422.3971,577.3593,594.0254
650.8131,433.8091,417.4909,601.4452,579.097
618.0076,429.2152,402.7658,541.2558,541.3108
608.4308,394.2825,356.7938,533.1978,529.4771
623.642,441.3912,428.1569,540.758,511.8778
696.2066,516.3198,444.9765,601.7786,593.7276
698.4816,486.9903,502.7213,630.9553,637.7688
666.6817,479.5952,366.7905,562.6281,583.2098
661.6507,501.6865,406.2773,555.9481,573.2395
668.198,439.6062,400.6465,575.5702,624.7103
679.6174,475.6828,472.4492,606.3217,631.6059
654.5953,489.4043,439.7917,548.169,599.132
669.2891,441.9415,445.3074,569.3169,612.3414
685.5912,482.7647,447.4441,610.6287,627.0379
653.2489,517.4895,471.3109,596.8532,599.0335
686.1991,514.0715,431.9374,636.4305,629.7668
641.7344,473.4964,388.1641,570.9833,572.8053
673.4415,463.1764,426.7677,605.6276,619.2191
671.3737,469.0469,414.901,576.2425,594.2914
593.2593,465.9965,353.9458,516.8826,546.5229
641.9288,490.5186,429.4169,596.2865,611.841
606.9838,421.3047,373.1878,507.1418,522.6903
659.0386,514.6205,458.2349,604.0645,604.5657
642.0523,487.9463,422.1993,587.3361,598.6006
607.0611,518.6454,439.5686,563.2897,575.5084
684.0507,447.1571,467.4411,586.951,625.2685
631.4312,429.6334,371.0915,529.0537,536.0035
648.0296,451.741,436.0572,549.7179,556.9052
683.3001,471.632,381.4845,611.8254,613.9928
664.7006,475.037,461.2533,616.9099,611.0976
677.1714,459.9071,409.5985,594.7479,601.1018
594.7346,458.6048,399.3404,529.0039,527.3412
667.6303,472.9637,424.4129,561.2509,572.2818
684.9172,518.7141,414.5695,626.7022,634.0789
658.3622,469.2746,420.8301,564.3149,600.7834
637.8622,487.5806,414.8593,601.5427,615.3194
627.3914,460.6657,408.111,512.7206,528.8641
634.8113,430.6651,339.7179,560.8672,545.6513
653.3659,422.5029,387.2302,574.3712,555.535
678.501,488.3936,406.7677,560.1257,611.5959
667.0728,473.4398,437.8447,611.0799,621.8513
621.4144,448.4218,429.3557,531.0824,570.4358
688.7951,551.1741,429.152,565.7366,596.6656
658.1468,486.1043,477.1819,593.933,625.1576
620.7583,440.6178,402.6313,569.3258,539.272
621.3171,455.6585,426.0217,568.7061,568.692
631.1071,473.7795,423.1491,546.147,572.3126
601.7897,405.3403,341.8654,503.0673,510.8385
649.5501,464.7299,380.8988,537.4218,578.2156
655.7279,452.3478,410.6904,587.7189,612.8478
630.7481,422.5431,367.3771,581.1926,566.4464
628.5134,440.4222,420.015,544.6047,538.8224
673.6787,511.9045,464.6896,609.0576,614.6196
625.854,471.5799,413.6233,552.3162,580.6207
616.4125,444.2184,416.2299,551.1856,565.4386
665.1857,482.2052,403.4301,578.5632,594.7367
644.0772,483.6522,393.7498,579.1998,564.9587
643.7123,457.2064,437.5889,555.4686,564.4867
653.3634,476.1483,454.3104,584.159,574.5589
645.7668,482.3725,406.8281,595.6551,575.5903
670.7271,504.8757,448.5234,613.6082,571.6435
635.6193,467.1736,399.1607,557.4553,569.1191
655.9083,439.5043,441.9142,574.0444,564.8281
734.2324,528.7286,533.8396,675.4893,675.2778
679.4285,457.1433,410.8165,596.7931,599.5492
645.0958,525.8676,460.9612,582.7084,596.9445
671.0764,534.0189,427.8652,593.0953,613.4275
659.5587,499.1794,434.4527,567.9091,585.8882
636.8621,433.8454,393.4403,539.7734,563.7102
669.2972,485.5934,495.0356,602.2351,616.4623
575.016,417.3309,383.4908,509.4335,505.4503
683.0769,489.9212,443.1576,618.8952,629.1948
616.6,387.4702,403.2089,528.1769,525.1717
627.3319,491.5571,454.1176,555.1506,537.3276
665.876,489.0351,445.9278,551.6275,586.7216
631.36,459.5616,396.6658,535.1641,564.1237
666.367,532.3901,461.2186,610.8638,594.1175
615.1496,477.2099,440.8166,527.2438,516.223
708.8903,541.7942,459.0576,652.6753,609.3295
645.0882,408.0703,410.706,569.178,581.9484
618.8423,440.838,423.0083,546.1628,566.4178
613.1995,449.0975,435.1445,521.1491,558.6553
620.09,466.9998,390.9887,516.3072,510.8158
665.6032,469.545,401.8824,609.1506,599.5778
662.5082,455.1426,445.6325,574.8634,592.355
669.6792,497.0838,428.5283,614.3849,628.7225
652.3084,477.2534,421.3946,584.6112,585.2195
655.4711,513.1683,446.334,563.6531,616.569
652.5594,483.8652,397.8623,548.6966,589.2767
673.4468,485.303,405.0595,604.4843,591.9218
678.7389,504.7842,431.7028,605.4024,618.2821
667.0628,429.7666,462.8909,593.2809,599.6667
648.3656,422.1844,426.8164,565.2483,581.4471
635.6882,430.6118,426.9714,541.2692,548.0757
646.4976,470.4925,370.8416,543.9777,577.5436
688.5828,483.8909,400.202,622.361,640.0422
610.554,439.9071,339.1529,548.9753,558.7174
647.596,494.4355,422.7747,567.7771,560.2953
685.5981,504.3544,387.744,589.0722,591.19
681.2294,484.1355,403.7174,608.3428,618.8865
662.7567,479.3882,447.6699,604.631,622.2411
686.5178,515.1378,507.6479,611.9338,601.6428
632.9532,479.7647,416.6481,574.4564,572.8006
667.1269,411.6541,397.4864,577.401,570.2296
611.1769,407.9343,411.2755,527.7789,537.7434
651.775,482.182,454.4895,553.7531,574.8988
701.9112,504.8467,477.8254,628.6394,592.5972
665.7523,438.0182,438.9074,561.3227,571.2573
650.4383,449.4549,401.4339,560.6519,554.8667
625.1955,431.4195,371.9111,531.0426,479.9077
622.9186,446.9659,375.9578,533.4536,552.1115
639.4951,438.1735,453.1821,556.793,557.4582
646.5822,503.0676,487.1136,556.8262,572.9512
593.1597,372.6677,368.2354,550.7522,534.3734
619.1993,414.7347,388.899,545.7747,530.7039
645.4689,493.3029,359.25,578.6446,592.4783
652.8945,501.9746,478.75,597.4118,599.7634
692.3307,468.8287,447.0902,622.3322,629.5851
612.337,478.1471,413.7035,547.0172,570.044
704.891,521.9407,417.8785,648.7839,630.2602
596.1068,385.5908,380.9291,529.3236,532.3512
683.2752,545.545,487.4492,634.7042,655.6309
634.9645,459.9993,422.8392,543.4723,551.2538
664.3071,484.813,400.8205,574.7581,580.0377
628.8542,453.7373,392.5979,576.5154,592.3909
609.0077,437.839,429.1653,547.1664,570.4523
639.9713,474.1862,399.8021,571.9523,604.4654
639.3986,506.214,452.0806,524.4728,584.3579
616.808,432.3229,383.2059,524.9962,548.1973
629.8198,451.9553,410.2007,578.0498,585.7137
651.8555,504.7757,429.6104,566.3349,578.6014
643.7206,440.2741,470.3258,587.4175,561.4148
664.9881,457.0466,438.3687,552.3553,592.9177
655.5639,439.2847,380.5839,564.6051,588.0091
632.1248,465.8587,379.4513,576.5591,598.8747
627.5681,505.449,402.8731,549.9939,579.2975
657.3024,451.2863,449.7303,578.8686,577.9213
577.6716,434.7594,427.625,526.2153,533.2386
618.3381,423.1615,400.8756,558.4472,527.5567
669.7059,439.6907,374.0605,556.0586,593.8066
625.2616,459.3588,423.912,552.343,567.0459
670.7875,459.8352,479.2329,580.3832,582.6758
657.9792,453.6449,446.1141,568.6855,597.2685
703.486,486.8325,501.0255,636.6008,629.4205
706.11,516.6778,377.7989,614.0596,621.1596
660.1284,480.9807,464.5272,567.2672,576.9242
657.1924,449.9012,430.4848,583.5741,591.1809
647.3118,509.4072,445.0557,573.1615,575.0615
667.5254,494.9392,429.8325,609.898,592.9859
682.6521,528.5922,476.4404,604.548,640.4819
655.5005,485.9181,382.7982,542.0993,551.7858
646.0289,518.4838,460.8574,577.4937,570.8698
686.0869,524.1194,439.2073,639.9803,583.9054
603.6448,424.8266,348.5392,518.4991,539.2611
658.6448,488.0388,420.4719,612.4879,600.491
695.0447,452.323,479.652,584.3654,608.84
611.45,465.5815,375.343,571.237,538.9043
617.6789,456.3187,377.8334,519.3109,533.1792
678.8244,519.3437,418.7907,615.0929,624.9656
631.8831,443.3665,436.0946,582.7682,564.7293
659.2178,491.5432,437.5489,603.6694,544.0997
655.6155,408.7492,381.0841,541.6047,569.5154
687.5544,468.0275,463.6239,622.4681,573.3497
689.2911,485.3371,479.1608,646.5548,614.4937
615.9123,417.3216,403.8924,567.0506,574.7304
641.3819,469.601,496.022,572.1563,594.4476
681.65,484.0197,437.2758,636.4681,648.8358
666.1932,450.1746,413.1674,590.2217,571.5295
659.528,479.5364,405.2344,586.8853,598.0039
631.4613,476.9144,457.1012,565.6702,566.7431
593.0905,354.6965,368.2992,527.2438,508.924
641.175,475.2832,380.0317,559.2718,579.237
695.7833,497.8416,445.2871,586.9401,637.6844
682.9593,443.7036,426.3844,608.7255,617.0415
618.468,411.4603,373.2763,529.487,523.4328
666.9254,485.4425,469.0789,576.4973,588.9511
643.1364,446.2986,402.783,580.2532,577.4166
630.2436,460.558,375.8307,544.2064,521.7145
644.5439,466.9442,361.6073,568.8633,554.7249
667.6271,457.0022,420.2766,584.5736,596.2392
694.9378,417.2398,400.9177,589.3982,592.0757
652.5469,451.758,399.1423,524.3298,553.0825
649.2084,477.6672,410.8974,576.0015,582.3597
689.5314,534.5543,480.4639,641.9607,647.0489
652.216,484.6194,481.7699,565.5691,574.7729
669.4457,492.9256,427.2647,595.7211,626.9292
649.5029,470.4245,415.5453,588.4103,582.8444
654.1796,474.0709,419.2425,574.9839,607.8737
659.8307,484.4824,382.0693,581.9987,602.3915
654.2717,496.5437,408.0597,602.5099,616.4224
677.9976,458.2853,430.4322,616.117,623.0822
655.427,460.7716,423.3253,577.8427,601.5624
630.2474,450.2614,383.7387,552.34,577.3194
682.5049,516.8816,419.8429,584.8873,616.5089
694.5831,528.8459,507.5586,601.8053,609.5667
700.4859,498.3611,480.6563,649.3141,653.3896
616.279,440.7966,361.925,510.8801,544.1463
636.3537,448.4705,401.7134,563.6165,594.0826
618.0122,442.4057,342.0476,533.2764,551.6033
684.7953,496.5702,443.0827,605.2791,611.1625
675.9135,526.1538,460.7244,606.6643,600.1397
640.2266,412.0709,367.8495,528.3239,574.3474
655.1849,488.4231,469.0413,569.6117,561.0985
627.5908,470.0967,455.0277,577.7674,584.1344
660.5991,487.2037,387.4656,580.6849,594.3577
630.6861,428.6411,402.0812,554.6906,564.2449
664.8704,482.3492,388.3946,615.9267,582.0751
666.8075,463.7669,417.7127,574.8971,598.097
656.8604,458.2744,404.2284,592.3431,585.6349
667.031,492.0545,471.7916,570.15,602.8403
653.6737,429.8483,443.6888,575.3338,585.1929
595.4301,434.9377,371.3964,509.2744,531.4168
675.8615,506.2968,400.1272,583.3571,615.5123
648.3558,445.6808,408.0974,594.8046,597.0387
673.4307,464.7007,451.0551,578.7876,584.5787
575.8355,403.2952,349.5011,508.2299,502.3015
664.844,472.9754,454.8442,576.5646,594.8349
607.093,435.4197,424.9596,558.2435,571.0841
686.1875,489.806,424.3622,621.4693,587.1659
619.7526,423.3684,427.7127,548.3764,570.4136
620.7701,506.5455,385.7396,585.3969,594.2401
645.317,477.3485,378.1289,590.4912,587.0633
677.7785,421.8397,418.0761,605.319,594.0611
634.0722,459.9532,404.1981,579.2029,580.8824
647.9921,444.5985,394.0068,554.7614,552.0509
688.704,501.691,435.4481,621.6308,597.9828
676.851,487.8254,520.7248,598.0441,644.655
643.8927,453.7469,369.2798,555.3649,557.609
660.5908,438.0814,438.0643,556.4856,578.3927
704.7212,536.8951,420.1054,614.4428,657.3518
652.882,485.2921,415.2434,549.0276,562.1626
645.3258,474.4362,369.7486,565.6154,587.2609
695.7477,479.0879,379.6606,617.0663,626.6935
644.7276,429.0576,374.2042,559.8528,538.4865
639.4337,444.5985,409.2959,558.5177,541.1109
600.2969,406.9406,390.5913,508.6325,522.4698
653.7018,481.1191,404.7327,578.1918,577.9175
702.8191,546.1147,415.301,604.4059,609.9073
631.8551,480.3366,435.6301,539.295,569.7664
623.4375,450.4484,439.3523,558.9948,583.4028
620.6594,466.8375,350.795,557.1885,542.4944
664.3995,407.172,463.3566,579.7232,573.1158
624.9549,411.777,432.7306,562.0759,570.3816
664.3966,434.8102,400.0899,605.8364,601.494
633.9045,422.5616,351.2975,552.3099,560.7241
676.2301,497.7884,429.6506,582.9274,613.6371
621.5827,413.1837,364.0162,549.5056,529.0177
646.9999,440.9747,427.7675,538.1238,592.2252
644.0872,445.1513,438.7094,597.6039,563.9037
648.9794,491.0371,414.8466,575.2519,579.6311
625.9568,444.8847,375.4464,565.7849,547.8182
621.1023,417.6791,380.9779,513.6742,569.4299
586.7929,425.9805,368.9507,514.9309,518.376
691.7374,464.9101,565.0921,622.8215,658.376
667.1737,438.503,476.9876,601.5348,562.8821
694.1044,507.1999,442.1458,616.8763,592.9494
652.0172,464.3493,457.6044,596.3717,610.0784
705.0981,549.5354,493.9688,603.3249,649.9781
609.6593,446.5663,420.5471,538.0309,569.0768
594.0486,402.8251,355.7898,550.5277,503.5446
684.6943,470.857,443.1773,602.4732,617.8806
646.4487,477.6633,459.6069,548.5069,575.8976
599.9959,430.1576,384.5238,550.9104,535.3497
610.5716,423.7649,414.147,555.7959,519.4642
675.5672,477.9296,435.3238,587.8941,619.8193
648.1685,436.4787,389.4549,551.1757,585.0498
681.5355,526.1989,476.4924,578.4934,613.9335
675.6051,435.1362,451.0238,589.6746,601.3703
633.511,457.0275,428.8716,563.7115,545.7653
620.662,440.9595,372.502,560.5003,568.8752
637.3092,438.4446,440.7929,550.5162,568.4292
652.6059,421.9959,460.4134,578.2687,560.9174
642.0473,442.9005,441.6397,566.2831,588.8266
674.5781,511.2792,424.6344,588.0158,563.5818
640.7082,465.7233,467.0288,573.8155,561.8464
632.5233,405.5196,407.9756,575.1438,573.6007
675.6887,474.3809,446.3588,563.4085,567.3413
704.1582,517.8595,473.5541,637.4643,617.8321
637.2723,455.5949,435.6101,574.4468,572.7036
617.6885,500.8935,391.4866,561.094,551.6064
661.5831,446.0429,409.8156,578.0719,612.3807
706.1063,535.7574,472.733,625.0702,605.02
690.386,533.4826,456.0789,621.7529,625.976
727.6963,544.1134,518.836,631.7316,655.5206
646.0834,445.637,377.2124,542.1126,556.8616
709.708,490.2819,510.5806,604.5093,636.7041
646.1937,441.7598,377.8863,568.5383,573.8491
606.1664,414.7831,415.3951,536.7746,553.5506
651.8626,423.8217,434.3292,563.8784,602.6941
664.9507,484.7376,469.1281,575.2142,608.8953
685.9876,506.8053,449.0623,591.1838,632.3142
644.3276,466.4681,417.8997,569.4633,545.3035
595.5135,412.0695,370.9556,522.0054,495.6915
632.2895,479.0424,422.2773,560.1426,564.3238
642.8562,446.8512,420.8821,571.9874,567.218
603.3332,459.9791,371.0711,534.5155,542.4882
638.183,426.0138,396.2041,569.9923,570.8523
653.865,486.8473,450.5681,612.5248,597.3457
620.7619,436.3435,404.9773,539.7468,539.9835
642.6559,467.6543,405.9685,531.05,583.0766
645.1589,504.0458,438.0003,571.0604,585.0248
660.4574,454.4877,491.8357,595.8158,538.8052
655.0958,459.6096,463.4871,565.6024,587.5275
645.034,511.1379,421.0741,561.9565,549.7254
651.6906,458.8071,464.9681,609.9144,618.3677
671.3991,447.6108,435.7808,532.5355,584.6596
640.4545,461.1271,381.2081,560.7917,557.895
624.4492,453.5161,430.8622,554.7479,525.529
632.991,418.2029,375.9157,529.5382,550.2619
592.7778,450.1208,362.9787,529.5637,510.9837
649.4413,454.4443,437.7364,523.3398,553.7995
654.3931,399.2926,377.7564,559.5643,604.7159
608.3216,466.4364,418.5283,529.0797,548.9674
606.042,426.7849,346.922,532.1764,541.6015
639.7892,436.5747,366.7614,550.1811,515.2065
676.5924,479.2625,435.5843,598.7712,569.725
606.4279,420.2349,360.0993,515.3538,520.9845
680.9248,390.95,479.1685,574.8382,601.9713
582.9028,397.8474,386.1313,519.015,534.0008
644.8979,476.8978,397.9635,615.3218,596.3309
654.2724,435.9008,426.1738,585.1364,566.1943
701.9891,435.4528,420.5993,582.9518,601.3638
659.2001,425.4815,410.465,532.2874,582.272
628.1425,446.2879,433.3517,584.4026,549.4187
635.5845,469.0519,409.3507,540.7263,564.5985
672.9799,462.1762,406.3226,555.3208,595.035
665.5905,483.2767,365.1953,610.09,622.8247
632.7592,422.7134,409.0006,533.9198,557.2753
670.9377,469.0014,403.5821,573.3358,581.2805
661.7873,489.7311,469.1707,587.3522,610.0771
644.5433,519.9764,511.2339,592.0607,603.2371
684.3023,519.0422,423.131,597.0196,624.882
620.874,472.9629,429.6155,542.2972,558.6106
640.7459,421.5879,438.5663,561.7991,532.4381
690.3025,530.7292,476.9479,611.2279,658.2909
700.3959,517.5266,449.9441,631.4731,643.6235
641.6938,503.9463,479.813,554.7386,573.7992
629.7055,501.1359,403.0416,562.9188,557.4957
647.9643,477.211,451.6391,570.2298,568.8644
645.4347,477.488,454.8558,574.2701,568.3828
633.5703,390.2768,359.3113,557.5139,529.1189
608.1302,428.5703,391.9055,525.4755,520.1131
608.7012,420.3444,372.2715,521.4769,541.2264
684.9868,471.4695,399.07,600.7264,588.7346
565.8149,362.5145,355.7636,516.211,503.3212
665.1811,441.0355,433.9213,592.3299,616.733
661.676,465.5805,391.0524,566.2647,585.9523
553.7322,408.9379,361.2307,503.1101,501.1379
620.1525,432.8212,403.0397,552.8448,559.95
632.4655,438.4814,414.6183,603.5804,581.429
669.4795,503.8916,469.0971,615.4962,606.4961
646.5278,443.047,371.6791,558.1429,561.2676
677.4022,479.3687,492.1485,603.0135,620.4417
630.7875,443.2437,446.7019,580.5815,591.1578
612.2284,458.0869,378.5947,524.5117,535.7185
624.7377,440.7438,385.694,562.2433,542.6938
697.7005,536.5166,513.6514,649.5251,646.4487
697.8462,493.3903,435.2926,607.4663,610.5695
608.447,397.1134,388.5562,537.7235,539.1409
661.0612,508.9116,443.3547,611.843,601.6241
627.5737,467.5888,408.513,573.6473,567.9143
652.8874,461.1729,413.8689,555.3296,550.9399
696.3365,489.1015,490.3846,600.8414,620.2518
743.0625,588.4299,430.2337,660.8553,655.1494
665.4421,471.2048,402.3339,598.2517,583.2475
652.5654,463.1094,399.6232,570.4989,588.8325
630.6766,455.7228,385.8342,580.1365,566.1467
622.3627,485.1246,414.6623,551.1701,542.0603
618.1934,411.5726,387.422,537.77,569.7375
654.2709,502.2618,388.7046,608.8607,602.3791
621.7829,478.5373,418.576,540.0512,533.4064
608.6646,454.7275,377.0676,544.5267,548.4309
665.0497,507.3959,430.5431,572.2579,574.2272
604.5255,436.2463,391.5667,561.9102,558.975
650.1551,474.5696,389.2364,551.5264,553.2801
617.5134,435.7641,401.2955,534.4683,532.4514
716.1711,523.9923,464.7441,614.6443,649.4401
628.4974,484.7384,370.6548,585.2046,594.2435
620.3841,424.4307,406.3563,521.3616,545.2995
637.5872,475.5714,391.8735,612.6221,594.8385
651.937,451.7135,415.0594,568.4251,599.6684
668.3511,538.5689,450.0471,589.3479,635.5508
661.7648,510.838,393.9117,577.4249,581.4143
643.0365,507.2782,460.4889,605.2729,580.3225
620.5461,428.6864,406.0902,551.0953,541.6004
660.2968,445.1753,409.6424,570.5954,551.2429
640.2573,497.4957,446.352,561.8618,590.777
650.9786,445.4868,440.2975,579.0907,559.3419
601.5866,486.2037,397.9276,535.0366,554.8862
627.501,438.7951,458.3446,544.3605,605.8685
635.202,403.1365,403.1143,537.771,546.6701
698.452,491.3358,507.5449,604.4052,629.1164
626.1371,472.1774,425.6466,558.7641,540.538
658.7047,504.7292,435.3217,577.6348,601.8138
693.6658,503.5068,431.2757,613.5323,629.6272
662.4665,481.6865,410.8971,600.7591,593.7084
615.5396,461.1615,379.6588,561.6892,565.5533
637.9037,458.3006,384.0857,571.7043,581.5475
592.2655,448.9862,392.5447,512.5599,544.3689
598.5806,444.6307,399.8685,511.7114,533.2801
659.1015,467.3244,426.1894,578.9151,586.1767
625.113,425.3105,334.0589,533.2476,529.6701
590.3084,461.0052,380.1437,539.8409,521.1209
680.6134,489.1162,464.129,575.5867,590.9565
612.7925,443.1485,419.0707,536.9424,554.8407
673.5913,475.3606,444.829,609.8682,591.9045
647.7265,459.1091,463.7206,562.8308,594.2083
644.9313,411.5668,414.4489,549.0335,552.5578
660.2123,489.8506,394.4273,591.1673,603.0287
641.6582,495.0067,382.6139,571.5482,576.7347
616.2571,421.5285,372.4834,544.2207,543.7873
626.5256,502.7121,343.4604,542.0275,552.0082
706.0639,515.0781,444.246,617.5301,599.7487
664.2084,438.5922,428.8189,596.7343,610.7309
686.6044,436.9367,424.5772,598.1882,608.4734
639.8825,451.0119,409.207,574.5657,559.6354
664.2518,425.8868,422.3917,597.5858,619.1103
620.0466,431.9851,386.1721,544.2624,544.2344
620.0659,416.6341,364.8791,498.5849,539.937
657.3586,470.3036,387.6409,630.1611,565.2571
660.2289,463.0557,397.0923,565.414,586.3571
626.0072,448.0768,405.1216,562.3669,548.3502
671.2298,487.6286,370.4076,588.7285,577.2366
655.7707,393.6238,425.0591,571.5433,586.0905
710.0852,481.2097,459.7113,635.091,637.7201
675.6485,445.0717,404.312,583.5803,604.6341
655.6107,466.4079,374.2701,559.445,551.9954
653.669,501.9737,384.6094,596.277,587.8084
646.494,486.9987,404.7601,540.4611,528.9159
634.9432,462.7525,452.4073,563.7489,585.8558
610.1404,451.2186,400.1352,550.1592,525.2706
678.7678,503.2554,413.8428,598.9157,632.8944
637.8749,402.5246,376.2597,595.3897,550.0383
644.6919,426.4652,400.511,554.6418,577.9618
650.4498,454.3359,457.3952,579.5886,596.0679
591.4367,408.1634,392.5247,539.6197,547.2898
592.731,454.8509,430.1611,546.8929,557.5048
621.0802,489.3061,358.9282,510.9357,527.1342
654.5474,460.1673,439.2595,577.8806,613.5136
644.3468,437.4451,418.4067,529.5553,543.1579
615.9314,448.6215,403.7737,533.8768,535.4041
652.7712,483.3388,473.4767,596.3056,560.7461
615.9632,496.1751,363.7803,564.9405,562.5857
591.837,413.6668,359.241,542.6547,559.7998
696.3277,492.0888,444.1824,635.0651,626.6525
627.6618,489.9977,415.9898,566.3675,570.7887
595.8217,379.2207,349.8958,520.3613,523.0211
623.2282,455.4067,364.7103,552.3302,582.0016
685.3206,506.8965,424.9156,614.177,621.6382
673.1559,449.7576,476.5967,621.3887,606.289
670.0314,508.2816,399.4147,597.446,614.0966
635.8113,455.7903,378.0037,549.1554,574.5703
620.4474,461.173,374.6198,530.8384,559.4085
643.9605,519.9004,404.8543,594.9177,568.2804
640.333,449.7907,413.3933,574.8849,565.4434
703.7775,514.3038,476.7064,647.7188,670.1682
703.4809,544.9539,426.1365,650.782,620.584
683.0104,474.4158,481.8282,621.3273,641.1322
728.6192,478.6501,547.5392,671.902,649.7621
585.7351,435.9478,370.2165,509.2504,515.2107
723.893,473.5353,432.4671,644.9636,655.368
681.2705,500.7437,377.9868,588.7923,588.3253
680.2411,487.432,478.4022,610.0453,615.2927
665.9544,496.6348,462.2101,565.4601,590.122
637.493,478.6011,410.9665,602.8483,558.3151
713.8313,465.7535,409.756,603.929,625.9468
613.5451,459.6571,369.9078,534.3338,553.0764
628.061,463.0078,415.304,512.7749,555.145
618.0813,429.176,421.9704,531.541,554.0916
700.9874,502.555,397.5553,573.5593,610.3794
691.1127,536.3371,400.6458,621.9419,635.3745
658.8063,499.0346,467.1745,593.8858,587.2128
647.7283,440.3633,417.0164,563.4446,575.4207
624.4975,468.2878,375.3112,522.8258,510.1605
632.702,440.6724,393.8307,566.7343,585.292
648.3191,447.4515,442.9702,570.7895,565.1408
636.6636,436.316,450.9856,548.7049,543.7024
628.4948,422.9434,463.4567,556.6901,564.3393
689.1181,502.0554,466.7438,618.5301,631.0007
663.6346,450.0576,421.7867,575.9537,594.8337
653.8706,411.5117,464.574,547.7895,575.5016
680.548,551.0629,442.3823,576.1208,615.4423
642.1253,463.7726,396.7926,544.3496,573.4574
654.9616,493.0462,393.5904,560.3357,586.7659
636.1893,492.7546,471.1771,551.4345,547.7594
676.6771,511.243,428.7144,573.5775,582.6823
655.6083,454.894,365.0728,567.4895,557.1366
659.4674,446.1366,424.3663,570.2685,596.1902
645.8371,482.8346,430.2314,569.0345,591.7829
670.7297,508.7932,463.9493,577.9786,583.7113
666.319,498.444,397.6607,546.3227,595.7395
689.0917,495.4667,434.6746,572.1926,563.653
673.8027,501.368,440.9094,642.984,629.3528
640.5842,474.9295,430.404,551.9176,587.6542
638.9521,428.3254,430.8366,551.9765,549.9628
639.3868,440.1991,376.3929,556.7484,582.5464
631.3369,427.6677,362.3792,555.7006,542.5803
683.2043,500.4998,449.7112,617.7158,586.7357
683.9598,489.5079,510.5876,624.7904,634.7405
634.8448,439.9966,414.873,541.96,576.5381
597.3996,447.7226,388.0917,529.1501,525.8803
733.8049,574.3998,467.2705,677.4488,670.3407
703.6739,514.6199,470.8106,613.3032,641.5101
648.7395,442.9934,390.3775,579.3594,582.4854
663.1644,480.7329,416.7674,586.2634,595.1891
662.5461,503.1223,513.294,605.2466,596.4867
624.6335,456.7536,399.7831,543.6577,564.3649
674.6154,502.0043,442.9459,644.0312,616.9933
590.5021,453.1878,384.2171,513.8329,506.9316
654.3849,518.7616,460.7265,612.5112,609.4931
670.1476,417.5464,390.985,589.6658,578.0158
690.364,453.5174,455.3632,632.5951,653.2129
650.6996,494.5776,460.3406,564.0402,570.0649
639.6758,453.8208,408.4053,567.9706,543.2769
667.0129,455.2737,420.0874,568.8339,588.5836
600.0958,419.9831,340.918,502.9311,514.0341
651.9553,451.2469,404.2947,586.0999,579.7327
638.6175,434.3315,415.8295,564.1951,549.0876
650.7427,453.6369,381.148,578.0198,554.3584
638.9748,453.724,459.4085,569.7144,564.049
666.7003,489.2442,437.3576,607.5012,609.4144
648.9593,439.5734,402.9683,562.8746,569.8409
624.5231,459.1177,378.3463,543.2211,529.0162
674.373,501.8729,473.079,602.8985,619.121
620.2898,458.3785,378.1355,586.0432,586.6705
637.2989,428.4502,417.0802,582.4677,587.794
636.7363,420.8376,347.1253,559.0164,582.5598
626.2927,458.855,400.7587,559.2104,581.5503
634.0604,481.7729,384.4181,546.015,552.8966
703.5982,462.2374,422.6656,626.9798,631.5668
625.7517,411.7365,367.0193,550.3587,563.7597
653.7663,510.8222,418.8968,589.9579,612.3734
642.8834,485.3309,414.2992,564.2861,595.6582
630.4069,455.5562,362.3179,571.8969,595.3882
580.5753,423.961,395.152,478.2906,499.7323
632.2052,466.5994,415.3724,560.4603,559.6604
666.1895,502.7668,450.7306,613.3918,620.7318
682.1013,521.6022,436.4619,614.5013,588.9757
639.0458,481.0668,428.2424,565.7267,575.5678
660.2971,512.3957,433.1254,605.369,618.8203
677.0794,483.314,401.929,602.3969,575.7424
645.2441,496.9212,419.0295,535.06,580.4686
619.9325,479.8765,375.6041,558.9286,577.1555
659.8878,460.5556,380.9246,589.5392,600.5906
697.8016,508.9799,464.0883,601.2517,585.171
652.5234,434.9489,435.1162,576.449,566.2073
654.8661,429.0024,452.0063,574.8074,602.2892
641.9681,416.857,391.0629,535.8076,507.0954
649.0646,474.2597,422.1467,544.4976,581.3488
648.2506,478.5599,451.8621,566.5071,599.2615
659.5233,412.2072,436.9004,574.5841,570.9155
659.8663,424.1756,399.9421,584.2419,568.3861
638.3801,473.8035,386.8379,576.4217,584.0911
580.4212,415.9506,385.4419,532.2482,536.8414
683.5498,422.6278,414.1407,601.2157,611.2321
617.9297,386.8191,349.421,524.6362,543.0038
695.986,493.1496,423.5551,608.6654,625.8488
652.0412,407.0575,438.4067,575.6536,558.8363
669.722,521.0638,467.7257,615.17,579.3006
645.5895,458.0155,434.0477,561.2437,565.9177
628.9952,463.9108,389.7762,584.18,602.7756
578.1387,402.7845,421.3295,498.2416,534.4878
655.6569,407.8685,411.0386,572.6233,563.8257
662.2782,491.5628,430.3941,570.6255,611.1438
632.3111,455.5852,421.7129,567.4333,557.9772
646.9179,501.6049,393.8194,576.6677,563.5995
651.469,484.8394,402.5288,579.9635,592.8599
644.6559,487.5846,444.9354,567.1399,592.2598
649.0083,409.0433,410.7883,590.1959,596.3565
582.3302,381.3013,415.3944,519.2086,527.2971
680.1402,471.7728,452.1768,608.8678,592.4955
663.4953,458.6249,436.2625,625.3958,603.3725
635.8492,479.2434,412.1575,552.0849,586.0058
636.7814,512.558,446.7024,579.359,541.2029
591.6802,386.411,327.2196,497.1894,517.7633
638.1796,502.4915,414.3662,563.7098,575.4956
646.2355,462.7866,385.8296,590.8227,512.8603
656.6631,530.9165,443.1216,592.5236,586.1829
653.8947,452.0479,446.7348,552.332,566.463
662.8645,488.3307,432.2168,612.545,606.2386
664.6538,475.3728,352.2727,595.4939,572.7137
653.7001,489.313,410.3339,576.5138,608.3199
656.4415,506.7485,454.1747,602.7265,585.3892
666.1066,469.2201,471.6007,607.7349,547.1577
642.6825,433.67,407.7598,585.7918,584.1412
638.5057,503.5548,373.8386,568.4722,590.9743
641.412,448.6049,368.3623,557.1085,545.7966
668.5942,500.4788,382.8873,603.4592,575.1421
639.4569,463.6109,416.0225,551.8198,536.4179
613.9798,431.3525,424.6777,541.7134,550.2049
661.0068,537.3905,486.6531,624.4594,603.5464
654.7511,458.7183,483.6187,596.1579,604.3193
691.6047,559.2716,469.4512,609.7551,616.5976
623.4521,405.669,400.3949,529.5115,533.7975
651.0851,497.4811,413.8261,605.8648,582.5782
665.0664,471.1738,350.9237,600.1345,636.1065
610.8868,451.6898,398.9516,508.1396,544.3825
610.3743,483.4947,425.1843,563.5221,543.897
631.2777,458.7426,474.1015,555.5893,550.1646
619.0036,389.5703,376.7705,522.4406,526.5544
597.108,386.0444,381.8772,475.2008,494.3673
608.4501,446.8806,409.4109,491.9158,551.9396
665.355,442.7852,427.7913,566.229,588.7925
671.0462,461.3905,421.759,567.5562,587.3179
632.8228,465.0186,421.4656,565.0063,591.4909
659.5441,473.9033,387.2853,563.5177,595.3618
619.7086,433.8302,377.9954,536.7985,541.8526
660.6524,454.1086,477.7632,578.7123,609.7284
663.5705,430.1446,438.984,588.4674,569.6401
655.6002,473.7718,383.5241,586.1111,576.0592
657.6231,494.5812,437.9881,570.4643,569.6884
625.5893,459.1088,384.9009,569.2446,524.6975
655.2138,447.7835,392.514,573.2005,528.4271
688.2965,505.0429,447.2607,570.1596,612.9825
633.0165,481.1803,414.1617,551.0819,539.9364
573.6072,418.5031,408.6694,505.3593,495.6329
631.5076,449.5232,401.2319,589.5028,588.3709
654.7532,486.0412,469.3044,607.4211,603.741
627.8142,472.2206,375.4789,531.5112,560.9308
632.4988,474.1324,385.6446,564.1965,571.056
642.5704,513.9207,451.297,583.1692,568.0198
690.5721,503.1972,461.9155,599.1937,619.0104
625.7492,437.843,423.7887,565.9651,564.7548
665.0177,452.6114,416.0583,581.1436,580.8226
621.5063,481.2959,444.194,539.7267,556.4508
605.4353,440.3347,376.1798,534.63,531.5883
666.1582,489.7804,474.2122,585.7005,598.9765
631.3126,452.0203,398.5112,565.6519,584.4552
638.2089,468.9868,421.8223,532.0165,545.1547
645.1247,509.2398,393.5306,607.2304,583.7661
588.6405,406.8681,364.8454,478.486,507.2636
656.6332,489.1835,439.2479,580.0805,594.7322
672.0385,521.6612,434.3169,605.1781,615.4827
708.0314,510.9883,470.8709,597.9686,650.2237
635.5682,443.5716,365.8643,562.8947,596.8219
606.4644,436.9504,409.7065,542.6382,577.4757
667.5294,465.7081,405.0216,571.4963,591.6518
647.432,508.6742,447.149,594.7569,598.5819
624.7967,460.3853,392.1251,508.6312,515.5608
655.1482,482.265,431.4973,598.8673,628.1874
708.6383,515.1087,479.561,647.0654,642.7156
691.4161,510.6603,430.0426,634.6013,621.2666
646.6051,461.0811,387.0497,554.8571,607.7311
578.8284,361.1033,339.7756,506.2709,517.0603
657.6895,477.2395,447.7212,562.7189,550.9924
698.3181,506.451,534.2972,626.0327,618.6388
652.9765,484.4248,449.9772,594.3764,581.8411
651.3178,450.6707,418.1589,593.7512,595.9079
697.33,530.7392,505.9252,644.8028,632.9627
669.4601,470.8415,417.1778,604.6294,580.6136
657.9656,487.726,493.1924,558.0783,610.0045
663.7308,496.9363,472.2063,585.5773,564.1138
611.98,465.4107,345.2316,562.3943,542.6979
587.9501,448.3249,390.8073,498.0492,528.0199
684.0419,518.8922,461.5744,578.5187,616.721
686.1469,502.0115,450.9083,613.6897,582.636
655.2408,475.0122,440.0542,575.9525,588.8535
641.8734,458.2585,413.4098,542.4204,557.524
642.7065,474.1056,373.5715,605.5325,564.4142
684.5484,494.6502,477.8732,593.0142,626.5041
655.2993,501.5027,420.3384,557.6556,561.3293
615.113,428.5151,368.1625,521.2483,564.9146
637.9671,420.7856,430.4482,569.8671,588.5206
691.0374,476.827,434.2542,644.5411,611.0853
617.8505,436.2242,450.4367,580.8849,588.9981
669.9233,495.5663,450.6931,614.4471,599.8102
616.0849,373.2568,392.7205,545.6107,554.2938
653.2177,447.7122,418.9471,549.7437,573.7277
708.0357,470.6182,428.8745,623.5577,604.1204
595.9435,426.9579,347.9149,520.1604,540.1966
623.4826,457.3295,394.9493,546.0292,552.0401
634.9223,443.5613,374.0167,554.7365,584.3575
636.1257,474.767,437.5606,570.6998,561.0754
663.5151,486.8668,370.7191,586.3411,595.9294
655.8372,472.7607,465.3874,577.3894,608.4396
686.7545,475.1568,482.5051,634.5864,656.7723
689.6201,526.592,440.5496,604.2725,628.5348
617.0253,402.3332,380.6767,584.3608,562.1552
701.6396,508.1233,492.2611,616.5879,617.6713
665.6767,452.6408,375.0027,579.1102,557.2928
607.5612,437.1873,376.7197,539.7306,539.801
691.4115,503.5439,388.0824,631.0667,648.4635
606.1268,450.1493,416.9757,524.9233,525.6542
675.7708,471.3454,447.3556,608.4152,589.897
601.7376,413.1458,386.444,524.8969,519.0689
633.858,398.1035,411.7558,542.3335,544.8949
651.2304,487.4154,436.0133,566.946,600.3742
666.2002,451.4955,469.2909,592.3715,612.5564
645.3717,449.5753,403.6131,556.8982,582.118
580.2478,329.4897,326.2935,495.2991,500.226
731.8258,506.4796,436.3299,616.4129,625.5128
645.993,518.7923,470.9457,588.7878,602.5876
655.8909,498.6484,469.5471,585.894,577.2258
667.8493,452.0073,406.103,624.6607,604.88
628.8166,411.2192,369.2091,527.2685,552.8569
672.5523,463.4951,484.5047,585.4417,582.1019
652.388,457.2684,379.7081,573.4087,576.5657
634.5245,427.5644,398.511,557.6092,578.7068
612.175,402.502,405.0502,525.4149,489.8989
637.2138,422.422,455.4701,582.6644,531.8616
656.5828,436.3826,425.0061,595.0995,615.5506
601.0753,427.8677,344.9665,557.274,539.6596
635.9632,442.9558,441.4847,597.3142,593.6392
674.3796,466.2366,426.8128,588.0086,600.0256
627.7092,460.6262,451.6304,543.2098,575.294
669.7277,511.7724,413.7038,590.8701,577.509
602.114,414.3819,410.3975,564.81,537.8822
662.6992,460.2179,420.9516,614.8923,596.1851
670.6895,491.0715,485.5933,589.671,557.6697
656.1074,444.0307,412.3128,529.4095,575.3408
669.0231,475.6326,411.6119,572.9959,604.465
627.2929,433.6726,364.181,565.4406,572.6292
622.0885,394.0585,364.3786,558.4099,556.4594
680.6355,459.0838,381.9237,565.7464,585.9192
648.7812,390.7635,428.0536,556.4081,524.2807
663.5507,479.0372,422.2016,588.156,608.7537
641.8209,432.3468,413.8775,580.7969,564.2024
666.6872,474.0403,482.6405,593.5588,615.5424
608.3206,380.1326,409.0881,536.4592,540.1945
626.9693,394.2017,378.7736,531.3055,513.6566
645.1665,443.7883,406.6486,558.0318,600.0784
730.2754,597.1968,499.2693,665.3955,658.9052
649.0371,412.2491,429.2394,543.5651,575.9198
691.6456,464.5737,512.6981,608.6861,568.2579
671.2382,497.8335,419.5311,617.4183,624.4681
675.2681,486.2695,464.8674,621.9371,610.513
594.6032,402.2691,405.2888,517.3774,556.9121
562.6402,426.8591,318.6022,490.2794,469.4194
638.2299,460.3761,420.3071,560.3915,557.5831
654.684,444.587,366.7163,551.4828,578.6651
694.6319,559.0515,462.9128,627.6797,632.4212
622.4208,437.5826,394.3919,567.0664,566.4308
681.2065,515.5807,482.5249,591.6366,633.7378
671.6539,462.9747,414.7908,589.4973,574.3305
673.8057,468.7125,432.3921,617.0373,622.1918
737.8694,553.2667,479.4008,683.5742,688.3363
736.7533,515.5718,439.1244,655.3135,664.466
650.0875,460.8052,430.5676,543.3522,575.574
609.1875,427.2353,365.8056,523.754,551.2203
663.0271,448.3004,429.582,579.5222,579.9927
657.7561,465.1684,463.1751,564.9798,598.5534
651.1167,467.3699,410.9897,564.2558,589.0096
640.977,473.2887,430.2165,573.3738,570.6283
633.8707,458.6915,441.6656,581.4594,581.389
624.8882,462.2963,373.8335,555.5097,563.591
671.2518,509.8861,469.1242,578.9664,611.1041
608.7405,446.757,430.1957,494.8987,558.1089
677.5268,494.5445,410.8162,586.2293,617.8206
627.1083,442.6841,432.3497,552.8782,561.0805
656.4492,476.3064,476.175,571.4345,589.8399
605.9983,423.6488,372.4584,530.9004,538.1247
688.1008,502.2157,471.3342,603.472,642.6019
640.2354,432.7119,411.0049,524.5788,581.546
623.2905,481.9394,377.0893,585.7188,577.8188
664.2128,523.6467,413.5229,579.0305,582.1301
669.1168,518.892,452.8093,593.9496,643.4782
636.8418,454.789,429.5088,553.1291,509.6293
645.6638,429.1521,392.5027,558.8912,567.5056
683.1239,497.0399,476.2911,604.4678,643.5956
627.4081,483.651,366.6273,580.7509,586.127
636.8865,485.3272,423.3002,600.4075,599.9829
661.1955,478.8332,395.0534,597.189,594.3394
636.9855,465.6589,459.4892,577.8737,590.4408
642.6882,434.5521,426.8008,572.2271,587.827
613.3595,490.5827,387.2495,542.3982,528.4601
660.1245,482.4473,456.7644,594.6977,613.0061
670.828,451.0229,398.4609,565.7104,600.048
624.7766,432.402,419.5333,529.5995,535.8267
652.1578,512.6651,480.7045,597.0355,596.6976
674.3152,534.1774,457.7567,574.5506,628.3361
655.1564,465.3805,432.6723,567.8978,585.8935
671.8283,493.759,462.9896,584.5135,620.461
617.0875,385.6396,391.524,540.1667,543.714
673.2046,457.4022,459.5477,636.1953,620.162
657.4609,452.4907,385.9122,592.914,582.1555
686.5038,508.0957,457.3904,581.523,605.3858
673.3584,503.5049,442.0128,581.7845,592.4727
623.5661,478.6612,395.477,543.4123,566.695
669.6476,517.6291,433.8168,597.9948,601.8823
633.1266,422.9496,410.3424,573.0742,580.8968
599.3865,477.611,420.0226,557.2221,534.2224
644.2165,470.1376,477.889,595.4862,602.4646
618.1243,434.8424,435.7604,543.9595,554.4678
630.2297,405.5861,390.9076,599.055,530.4634
648.6803,411.1362,450.8219,575.0804,587.6207
631.2381,494.3798,392.4183,591.1136,588.2836
629.8923,426.2263,380.1276,529.8205,528.1966
650.2934,423.4918,400.5981,547.9157,519.0302
687.1516,513.8713,436.7013,598.5412,623.1385
655.1828,456.0275,420.6967,538.1596,575.57
630.2073,401.4204,446.3052,552.5382,563.101
631.9934,438.6455,371.3703,556.3201,566.6184
669.5551,444.263,448.2311,595.3469,603.2023
647.3701,452.8354,489.9731,568.2482,585.6465
619.5414,474.7561,362.2493,564.2722,545.4767
625.0944,442.2122,425.0217,572.763,570.7383
631.1735,452.2275,496.2116,550.5954,585.8413
641.3701,448.0708,393.9844,581.7937,602.0321
652.0289,465.471,418.1205,586.4378,600.4025
642.806,486.363,421.6204,570.2645,607.152
596.143,398.5927,407.8322,549.8371,513.5755
634.7281,463.7761,386.0316,581.1667,533.8087
630.1037,489.6367,426.275,564.9794,567.4876
616.5131,409.3255,405.4058,542.2293,573.9126
612.6699,419.4808,392.0651,526.6979,511.3813
617.8164,456.0705,388.0252,536.7721,574.8493
616.3176,440.6907,384.324,527.0078,517.8558
659.6073,431.8159,397.5797,584.1685,585.4008
648.1727,480.2331,402.1789,610.5188,618.9486
624.0155,427.7792,445.3341,551.727,541.8663
641.6247,484.3014,387.0528,572.9936,571.3395
680.3578,496.4975,397.8064,604.9642,583.8584
618.4797,466.2581,403.6062,537.1083,565.9725
664.2336,484.0001,422.5785,606.2544,602.2168
648.8698,401.3054,416.4344,563.56,577.9614
654.7401,424.0235,401.0764,606.5939,603.6801
658.6301,505.4389,417.2552,582.2043,628.9476
617.7396,443.8907,356.9243,530.0335,545.1994
609.9062,378.5963,375.987,480.6183,514.4434
634.1859,476.5221,422.9359,574.6329,575.7372
637.625,448.8959,461.0695,569.706,565.149
697.6862,499.3927,448.5965,637.5973,611.769
658.1674,423.5729,409.5453,574.8861,567.4367
711.311,512.41,491.0094,644.0883,651.1823
658.3973,492.5274,395.2992,583.634,593.1578
640.2308,464.7937,408.1422,575.4653,595.5878
664.9622,420.2588,360.6286,588.3799,573.5739
615.5192,443.5654,427.963,563.2401,557.8098
656.3956,455.8016,404.254,567.091,579.265
599.7971,460.1339,366.293,563.1887,525.0854
638.9197,421.5215,416.7735,577.7113,552.4436
625.4407,453.0843,365.7555,535.4841,548.3845
592.7964,407.2683,434.7143,536.6138,539.8055
669.7184,474.1992,478.3894,592.6134,589.5882
665.6611,524.3695,443.3862,549.4893,573.4048
612.7434,450.2137,476.2141,569.5343,573.7505
653.2188,476.0905,396.0254,597.3232,596.0487
600.0929,453.5086,447.396,553.4509,534.4546
637.8669,441.9956,370.6679,559.7426,558.7609
579.7275,445.5925,359.5738,543.5131,531.9962
618.123,388.7241,396.4737,550.892,550.4717
648.8565,431.3059,437.269,558.5705,569.7507
706.367,560.0863,494.6944,613.7217,643.2988
636.9545,448.9423,377.5851,557.5947,553.1759
672.5391,467.6956,418.2809,568.298,577.0466
654.3655,466.1092,382.3008,578.054,582.7716
614.3147,454.1087,408.8153,530.769,497.4167
646.5527,419.2558,436.7902,546.0835,555.6182
633.076,399.2195,366.9986,557.9468,591.8945
723.4432,568.996,481.5773,655.3508,664.7481
628.6106,454.8749,432.0209,562.3342,565.3403
647.8523,452.5131,468.4527,568.071,598.0268
672.7374,474.9108,382.9774,614.7764,542.5343
663.6207,501.0134,436.7966,561.7955,606.6596
658.7925,487.448,375.0124,589.6618,568.6651
618.3669,436.8245,401.7042,558.218,571.3799
638.628,483.1431,409.9281,561.6927,558.7127
666.3067,467.8345,441.4373,579.5447,610.9238
686.3948,500.3425,422.617,613.9603,620.1655
647.4529,446.7692,410.9478,540.1041,568.1339
668.2903,517.7398,464.7729,631.5725,619.2317
584.8906,399.8231,370.611,501.1095,509.0286
617.6252,429.3089,325.2686,563.0705,527.0044
608.5521,414.8054,390.6843,541.1933,571.6164
664.5521,523.046,385.9716,622.081,618.6962
618.6561,451.1447,394.7918,506.8717,522.8202
666.8396,469.0143,401.1022,586.707,593.6364
698.1577,432.8929,472.8326,634.1786,650.9173
651.9934,379.8934,445.0945,554.2263,566.8935
652.4297,424.073,408.253,568.2103,543.1247
662.8031,449.3679,390.1402,582.4928,576.1542
577.8653,391.9596,398.1188,502.8495,510.4331
638.5901,473.3338,403.3796,575.9599,585.897
665.7435,482.1631,407.172,587.4193,579.5013
695.0207,546.4478,429.5038,622.0656,614.2671
637.8623,480.1015,379.6216,583.9024,609.515
664.4655,481.7606,415.4797,634.5368,616.6528
639.8726,463.1796,398.6293,591.1571,593.0096
619.8854,463.3998,429.1654,552.0192,543.6627
633.1883,462.0023,438.1604,553.4349,580.4804
630.8913,429.196,404.386,576.9191,587.9379
648.94,447.8101,385.8436,591.2807,590.5225
629.1145,486.3278,391.6221,562.7825,554.758
613.5789,388.8706,370.0862,491.8183,545.0747
696.4825,477.9888,443.4858,561.1124,589.5712
702.0856,495.3375,390.7896,593.4587,621.2747
642.4794,482.0409,395.6917,555.0555,553.136
613.0928,427.6922,374.4928,534.8938,554.1438
603.0353,465.7181,391.3845,550.7702,556.1204
669.9766,513.7631,415.9224,610.217,615.3666
669.2446,458.417,451.9672,566.0829,585.3026
681.0446,408.6255,409.6632,582.2791,607.5901
615.9984,474.2549,413.1902,570.2441,566.5269
641.8376,501.813,370.69,547.0681,575.9095
667.4817,433.5883,438.9933,591.1249,594.6895
632.7549,464.3216,413.2045,542.5269,529.8131
590.0949,443.244,392.6237,570.122,523.4857
603.4515,465.8355,371.4927,525.5561,540.666
679.453,459.0496,435.2786,608.4856,583.4454
619.9183,493.0372,432.1138,542.9493,559.6534
731.9928,537.015,441.8435,629.5362,651.7955
646.4915,495.0096,459.1812,554.0495,577.2717
693.2983,503.5783,409.6779,582.7647,621.1434
626.2543,416.9688,416.8856,577.649,555.5341
652.6449,437.2706,404.4328,515.4624,567.1834
661.6491,465.3602,379.6334,581.2126,540.8133
626.6216,477.8071,424.5373,570.7113,565.8078
638.9562,503.1102,429.9595,560.8947,581.3288
646.0058,437.7036,417.0361,601.6654,593.8525
645.839,417.9534,419.5394,592.4045,586.0541
624.5966,440.0461,419.7428,536.827,541.8439
661.2756,455.164,446.6089,608.9229,606.0655
629.058,448.1701,401.8468,563.5615,564.2606
612.3426,411.9963,403.1717,539.4447,538.4501
700.9324,503.564,466.7732,634.5214,654.9309
710.4614,473.5057,450.6997,623.0889,631.407
668.6686,477.4925,370.9349,607.8922,597.6378
639.9816,427.6472,404.3643,565.1141,574.7108
570.3597,364.5263,325.8949,488.5163,471.6828
645.2451,485.8734,463.8088,568.9792,548.5443
706.7243,518.0653,462.8958,596.3668,627.8525
631.3772,460.3781,409.0648,571.9199,569.9774
711.614,508.7037,499.7056,641.7998,677.2869
631.1044,450.4645,465.9719,557.8118,561.3975
649.858,468.2707,383.852,552.5055,559.9205
657.7522,443.7783,447.208,588.5195,615.6286
599.0279,441.7536,393.035,531.7518,513.0565
661.778,498.89,438.0395,600.7211,557.4089
662.9876,452.382,434.8297,573.0136,600.4134
638.6417,464.2004,429.1613,547.3425,544.6758
668.8567,549.2771,444.5757,586.2692,626.6357
644.0055,448.7046,468.98,587.7346,584.0275
629.812,444.4735,379.2597,538.011,521.6392
627.5988,474.9367,415.562,586.7891,574.537
637.8491,487.911,409.8725,575.9167,573.6142
621.3139,487.1207,397.897,558.039,559.3208
679.5465,533.4361,485.5432,610.6992,593.742
653.929,470.1362,460.4531,561.8794,567.3809
613.1498,440.3437,361.315,552.2069,540.0972
668.8093,470.9623,454.0963,626.8298,552.742
644.8615,446.6125,385.6272,583.5218,565.3551
633.7543,476.6318,347.0772,556.2888,515.483
674.0966,486.1614,440.2528,584.9767,622.9515
638.3976,460.8027,394.921,551.6599,563.4727
645.3654,462.515,436.6975,580.8415,630.6532
