max,min,CPF,ICRO,STO,Rand
184.1931,118.123,0.6711,0.6352,0.8416,1.0
180.1991,120.5463,0.7034,0.6939,0.8805,1.0
178.8539,133.7113,0.7563,0.5486,0.7185,1.0
189.9111,120.62,0.7236,0.681,0.8472,1.0
194.3976,139.5611,0.7695,0.522,0.9566,0.9445
194.0488,126.7113,0.6873,0.6492,0.821,0.9348
182.0936,123.0414,0.7367,0.5962,0.9032,0.837
186.1446,127.5333,0.744,0.6341,0.8705,1.0
200.1731,143.2541,0.6869,0.8031,0.7266,0.9156
180.4771,134.0311,0.7439,0.5693,0.7267,1.0
187.5208,135.7257,0.805,0.7856,0.7507,1.0
175.3949,130.6531,0.7979,0.9024,0.9469,1.0
182.6598,112.6737,0.7842,0.6074,0.87,1.0
184.5917,126.4284,0.6682,0.7645,0.9432,0.9241
187.6365,125.2712,0.6435,0.6793,0.7803,1.0
177.2216,130.6701,0.6325,0.5486,0.8192,1.0
215.8838,140.4857,0.7273,0.7605,0.8219,0.8534
184.4518,117.2582,0.7968,0.7217,0.7509,0.8774
185.9176,133.279,0.8131,0.735,0.9559,0.8418
194.0671,134.6906,0.7047,0.6695,0.7988,0.9124
193.4145,124.1932,0.6991,0.5522,0.8558,0.9562
210.5246,152.0744,0.7019,0.7372,0.8326,0.9213
188.7003,130.3309,0.626,0.7563,0.8191,1.0
183.8312,124.9123,0.7522,0.725,0.8687,0.8659
182.8803,137.9897,0.6814,0.6032,0.7272,0.9176
199.7573,136.0597,0.719,0.47,0.8355,0.8642
184.4402,121.9667,0.7874,0.6135,0.8766,0.9383
190.3245,133.6886,0.7579,0.75,0.7867,1.0
194.5969,140.0268,0.6543,0.6733,0.8634,0.9232
192.6275,136.4724,0.7061,0.8795,0.9333,0.9246
185.6156,124.7528,0.6085,0.6868,0.9636,1.0
186.6741,116.676,0.86,0.6919,0.9296,0.9562
176.0865,101.5401,0.6863,0.6982,0.8131,1.0
178.5305,111.4193,0.7373,0.6935,0.7367,0.8297
190.6348,141.5708,0.761,0.4074,0.8468,0.9487
192.0128,145.2659,0.6788,0.7467,0.8476,1.0
181.198,122.8709,0.7132,0.6009,0.7485,0.9368
182.0245,119.7445,0.7208,0.6319,0.7829,0.9467
200.7581,135.2399,0.7367,0.6941,0.8472,0.94
201.5084,129.0767,0.7152,0.5464,0.841,0.9442
186.6767,124.1771,0.7333,0.6464,0.8322,0.9047
182.7326,126.1092,0.8019,0.7858,0.881,0.7972
179.3351,124.3086,0.661,0.6678,0.7856,1.0
203.3811,145.6679,0.6977,0.5375,0.8171,1.0
180.5361,129.8527,0.6758,0.4299,0.7581,0.8863
192.4397,125.7431,0.7919,0.5747,0.7405,0.8809
185.8426,128.0799,0.733,0.5626,0.7501,0.9285
197.9147,144.3687,0.6574,0.5957,0.8221,1.0
187.2088,134.8599,0.721,0.7612,0.7534,0.8119
204.814,135.1335,0.7815,0.5299,0.8233,0.9915
170.2731,114.3775,0.7982,0.8417,0.8669,0.8692
188.8187,127.5832,0.6686,0.7141,0.8698,0.9192
205.1147,144.6784,0.7391,0.5965,0.8326,1.0
180.6157,114.797,0.7226,0.6249,0.9371,1.0
208.3246,143.5795,0.71,0.6239,0.829,0.9537
179.4056,132.9462,0.6353,0.7069,0.7466,0.818
179.3358,107.6106,0.7165,0.6346,0.7784,0.9008
196.0603,127.0369,0.5049,0.6474,0.7914,0.8251
187.6326,129.6794,0.562,0.6677,0.8396,0.9455
176.4178,119.7534,0.6679,0.5477,0.8374,1.0
163.993,116.1956,0.6029,0.7037,0.7681,0.9021
183.8604,119.0502,0.5985,0.6834,0.8357,0.9582
179.2014,129.6705,0.7265,0.6921,0.9414,0.9533
196.9292,141.0051,0.7484,0.5647,0.8387,0.8308
179.3444,117.6058,0.7065,0.7588,0.8498,0.9956
218.6619,165.6294,0.6945,0.7498,0.8645,0.95
176.9423,120.5958,0.6601,0.699,0.848,0.9226
180.1162,120.7189,0.8111,0.8047,0.8887,0.9595
173.4148,123.8108,0.6754,0.9254,0.8425,1.0
176.0804,117.8689,0.6206,0.8598,0.8486,0.8468
181.3326,122.5141,0.6531,0.6378,0.8345,1.0
182.7108,118.8007,0.7989,0.7754,0.8692,0.9295
194.9897,141.9407,0.6592,0.7267,0.8476,0.9886
164.5745,108.2974,0.7293,0.6285,0.8659,0.9111
183.4554,129.6768,0.7025,0.6767,0.7873,0.9773
180.7528,128.6715,0.7812,0.6045,0.8803,1.0
169.9854,111.1528,0.669,0.7179,0.9617,0.9575
148.535,104.7052,0.5911,0.5916,0.7864,1.0
171.1135,116.6003,0.7816,0.6389,0.6811,0.913
209.6219,153.5944,0.654,0.6199,0.7616,1.0
163.9083,110.8199,0.7301,0.6203,0.8514,0.9362
162.8448,107.2198,0.7475,0.7693,0.9041,0.8963
186.1956,136.5657,0.8113,0.7977,0.9562,0.8534
192.8286,124.2318,0.7051,0.5285,0.8486,0.9727
178.5046,124.4149,0.7336,0.6835,0.9389,0.8928
192.6098,134.0021,0.7607,0.7058,0.8084,0.9167
188.352,119.4622,0.4981,0.5754,0.7888,0.8738
188.1173,134.3999,0.6392,0.5112,0.8574,1.0
188.6524,128.369,0.7943,0.678,0.9307,1.0
175.9773,119.1578,0.7619,0.6097,0.8196,0.8623
180.458,126.5295,0.6307,0.7989,0.8895,1.0
173.3314,112.7784,0.7169,0.6319,0.8015,0.9304
182.3245,115.123,0.6445,0.6871,0.796,1.0
176.6959,124.449,0.625,0.6572,0.8218,0.9261
191.0637,133.8471,0.7852,0.7852,0.8673,0.8604
183.3956,129.2805,0.662,0.688,0.8673,0.9232
175.8526,127.9036,0.767,0.6694,0.8845,0.9953
176.4263,124.9089,0.7689,0.7812,0.8569,1.0
167.9611,113.1042,0.7138,0.6066,0.8809,0.7829
177.4374,129.1381,0.7896,0.755,0.9492,0.9136
220.2176,150.8038,0.6928,0.7361,0.8366,0.9384
174.3046,115.7877,0.9115,0.7926,0.9402,1.0
185.6791,130.4935,0.6116,0.6632,0.7924,1.0
181.5869,122.0921,0.7113,0.7339,0.9223,1.0
173.8738,122.5082,0.6547,0.6901,0.7023,0.9577
185.7634,131.8288,0.718,0.6315,0.7583,1.0
183.7714,127.0937,0.6715,0.5436,0.7838,0.9323
185.8764,132.4479,0.6195,0.6056,0.8535,1.0
174.8361,112.044,0.6278,0.7291,0.7759,0.9582
175.9974,121.6535,0.5452,0.6852,0.8392,0.9163
189.5597,135.424,0.7615,0.6392,0.8525,0.8946
172.1202,109.0477,0.7212,0.6453,0.7988,0.9449
191.9432,134.8015,0.85,0.6258,0.9158,1.0
164.343,120.5391,0.5107,0.5872,0.8076,0.9939
186.6131,131.6384,0.7104,0.7009,0.8224,0.9858
162.1599,109.172,0.6979,0.7157,0.847,0.9236
179.7208,129.7443,0.6382,0.616,0.7692,0.9538
168.9579,110.2261,0.6824,0.7846,0.8817,1.0
208.6881,143.984,0.6367,0.7455,0.9618,0.8369
183.1327,127.2393,0.6592,0.8168,0.8458,1.0
176.792,124.3042,0.7467,0.6448,0.8914,1.0
202.2241,148.9897,0.6063,0.7676,0.8481,1.0
205.7764,163.4218,0.8073,0.9248,0.8701,1.0
195.0859,138.2169,0.5792,0.6331,0.8462,1.0
188.7635,133.9182,0.6855,0.8025,0.8968,0.9486
180.4828,125.3689,0.5853,0.6748,0.8363,1.0
196.2024,142.3164,0.5547,0.7261,0.7715,0.8407
182.9985,122.2418,0.7569,0.5664,0.7547,0.9291
187.8711,143.2204,0.7062,0.6801,0.8603,0.9852
199.0377,154.8152,0.6376,0.6376,0.5996,1.0
174.1208,118.6865,0.6996,0.7248,0.8743,1.0
201.7047,140.3782,0.6962,0.6483,0.9121,0.8754
176.9206,123.2128,0.7046,0.7132,0.8231,1.0
173.8431,116.8143,0.6825,0.7755,0.9144,0.9525
193.0021,129.4215,0.6851,0.6414,0.7778,1.0
191.9761,147.267,0.7327,0.5864,0.8947,0.9393
181.6485,128.9772,0.7178,0.7894,0.8907,0.9376
195.4051,133.0459,0.7476,0.607,0.7824,0.9527
174.7207,121.8275,0.8645,0.7893,0.7653,0.8986
187.6728,118.123,0.7633,0.7463,0.7509,0.9414
184.1553,132.8101,0.6306,0.5828,0.7932,1.0
187.4162,137.3147,0.824,0.4928,0.9197,1.0
181.6153,120.1622,0.6791,0.6777,0.873,1.0
171.1753,116.5206,0.6556,0.5855,0.808,0.9387
184.5075,125.5139,0.772,0.6282,0.8437,0.8873
174.3013,129.6203,0.8364,0.643,0.8954,0.9143
172.0599,115.8436,0.711,0.5583,0.946,0.9187
171.8339,114.5924,0.7062,0.7972,0.9277,1.0
213.5122,143.0239,0.6892,0.6217,0.8422,0.874
192.9314,132.1507,0.6412,0.562,0.8664,1.0
180.7884,118.466,0.745,0.7075,0.8051,0.8339
186.2384,139.4194,0.7105,0.7994,0.8574,0.9613
183.8813,118.3181,0.7167,0.6049,0.7785,0.9555
181.5535,124.1742,0.6839,0.7468,0.8045,1.0
210.7698,139.3282,0.6823,0.676,0.9214,0.9384
179.3308,123.8193,0.5553,0.608,0.8483,0.8253
181.1596,121.7958,0.6278,0.814,0.7939,1.0
194.5661,130.5874,0.6926,0.6007,0.8292,0.9402
168.8018,113.6644,0.5653,0.5905,0.8575,0.9078
187.0152,126.8874,0.7669,0.7937,0.8369,0.947
172.7081,116.0586,0.6933,0.4931,0.8103,0.8544
187.5483,139.7171,0.5823,0.611,0.7376,0.9333
179.9015,134.9187,0.7896,0.5863,0.7415,0.9824
163.0673,114.8011,0.9498,0.7617,0.9117,1.0
188.8572,124.1262,0.7319,0.8191,0.8404,1.0
192.0369,131.1385,0.6673,0.6216,0.8055,1.0
164.5612,112.3532,0.7462,0.816,0.7866,0.9407
177.7864,124.3733,0.5918,0.5108,0.8917,0.9374
187.3996,140.8469,0.6503,0.5773,0.7183,0.8191
161.2523,109.8309,0.7453,0.8088,0.8766,0.9185
178.2215,124.4064,0.6577,0.7631,0.8083,0.8216
181.2999,126.9761,0.6498,0.6951,0.8204,0.901
193.6136,139.7367,0.7132,0.6527,0.7729,1.0
209.1153,143.3326,0.6311,0.5091,0.7955,0.7844
186.0897,131.0962,0.7381,0.5844,0.7982,0.9153
182.705,129.0618,0.6729,0.7492,0.8351,0.959
178.307,123.2088,0.7073,0.7394,0.9449,0.8653
193.6102,124.527,0.6606,0.5074,0.8146,0.9462
203.8308,140.2789,0.6828,0.5886,0.7968,0.9389
178.098,119.684,0.6352,0.7051,0.8542,1.0
204.171,143.9287,0.5439,0.6846,0.8495,0.8529
187.7046,132.5787,0.7342,0.6803,0.7783,1.0
197.8442,118.9942,0.7078,0.5749,0.767,0.8852
186.2779,119.9786,0.6954,0.6701,0.7151,0.9475
175.5765,112.5543,0.7138,0.629,0.8826,0.9425
198.1175,138.4086,0.7715,0.4985,0.8847,0.8663
201.3495,147.8798,0.6926,0.7282,0.8753,0.9139
174.5916,126.5773,0.7577,0.7275,0.6885,0.9436
176.8577,128.9914,0.7306,0.6163,0.8531,0.9058
153.8573,102.8151,0.7763,0.6542,0.7947,1.0
181.251,131.2719,0.7794,0.8544,0.8207,0.9703
163.5319,110.0434,0.6341,0.6745,0.8596,1.0
187.4242,125.8427,0.6652,0.7172,0.7218,0.8674
187.85,139.8862,0.5962,0.8408,0.8486,0.9375
182.648,133.8886,0.6802,0.6191,0.694,0.8567
175.0743,116.4882,0.7732,0.8355,0.8565,0.9239
181.8024,127.9445,0.7639,0.6501,0.8537,1.0
179.8328,130.7835,0.7494,0.6659,0.8751,1.0
195.4936,140.1403,0.7655,0.6118,0.9243,1.0
176.4793,124.9445,0.6946,0.4988,0.895,1.0
175.273,128.8238,0.5781,0.8556,0.8362,1.0
186.5781,125.0349,0.7111,0.7945,0.8015,0.9589
156.485,105.7462,0.6948,0.5538,0.9161,1.0
188.6937,133.5322,0.7069,0.558,0.7588,1.0
175.18,120.4628,0.5747,0.7609,0.8117,1.0
182.2509,114.4118,0.7365,0.6059,0.7905,1.0
193.4057,138.922,0.7611,0.6023,0.8519,0.9362
184.3021,131.0866,0.7724,0.7162,0.8252,1.0
166.5757,121.319,0.6845,0.7865,0.7317,0.947
189.9671,133.9034,0.7688,0.7164,0.7136,1.0
178.7089,135.3541,0.6676,0.7008,0.7178,0.9828
193.5839,131.0261,0.7558,0.6334,0.8786,0.9158
196.6363,142.555,0.7912,0.5408,0.8543,0.9478
184.6676,133.1171,0.7497,0.7618,0.7888,0.9729
154.6807,103.391,0.7088,0.6338,0.844,1.0
185.1156,129.9339,0.7105,0.6913,0.8793,0.9786
201.567,137.8735,0.6569,0.4716,0.858,0.9468
167.2957,104.0462,0.6347,0.6693,0.8683,0.9593
173.7162,120.5809,0.6603,0.6957,0.7953,0.9307
200.1624,126.9374,0.6569,0.7127,0.878,0.927
190.9863,141.0917,0.7621,0.7046,0.8094,0.9275
195.6162,139.0913,0.6245,0.652,0.9049,0.972
174.7959,115.8096,0.6438,0.7583,0.8062,0.9651
175.2243,117.5795,0.7308,0.8224,0.9316,1.0
194.222,138.1591,0.5286,0.6692,0.8529,0.8238
186.0547,135.0851,0.7394,0.6339,0.8696,0.893
170.5809,123.0332,0.7239,0.7289,0.7862,0.9982
184.6769,123.148,0.6426,0.7298,0.8134,1.0
182.3405,127.3982,0.6153,0.6106,0.7884,0.9282
185.1752,130.5006,0.7516,0.6247,0.8829,1.0
170.7447,110.4725,0.6518,0.5306,0.7528,0.9114
187.833,117.132,0.767,0.5369,0.9037,1.0
166.0503,108.181,0.475,0.4584,0.8244,0.755
185.0288,134.3044,0.7326,0.7901,0.6499,1.0
183.8848,130.7605,0.7743,0.7608,0.8545,1.0
199.9753,133.557,0.6768,0.5792,0.81,0.8329
196.5863,141.5906,0.712,0.6705,0.8825,0.9524
188.5817,133.0916,0.7037,0.4086,0.7131,0.9504
168.3028,121.0333,0.6042,0.6989,0.7851,0.9399
213.5575,141.4732,0.5933,0.6682,0.6338,0.9561
169.5387,118.9011,0.7357,0.5681,0.8461,0.9882
183.3584,126.1043,0.6714,0.7054,0.8794,0.8583
195.0612,136.8766,0.7957,0.7006,0.8799,1.0
180.2842,131.4368,0.715,0.5294,0.7306,0.9397
180.373,121.3292,0.6482,0.6708,0.7663,0.9454
187.3065,136.1326,0.5726,0.5077,0.6565,1.0
187.5297,133.5691,0.5428,0.7181,0.7811,0.9133
170.9873,107.9426,0.7296,0.7265,0.8933,0.9154
178.7563,135.0003,0.8054,0.857,0.8375,1.0
179.2192,120.7121,0.7693,0.6682,0.7955,0.8733
193.609,140.3028,0.6448,0.7334,0.7327,1.0
182.728,131.0737,0.5246,0.602,0.8124,1.0
195.2256,148.7198,0.6369,0.7067,0.7762,1.0
185.7078,127.1139,0.6637,0.769,0.853,1.0
171.4986,108.1774,0.752,0.6153,0.746,0.9309
183.7229,133.6411,0.677,0.7234,0.8015,0.879
170.8168,116.7608,0.6285,0.5763,0.6134,0.9113
183.999,129.8209,0.7576,0.6087,0.8844,1.0
194.153,139.0178,0.7316,0.7381,0.8245,0.788
191.8259,143.5404,0.6529,0.7534,0.8907,0.8242
173.9437,109.0038,0.6101,0.5807,0.8655,0.9529
185.4301,123.3034,0.6112,0.5887,0.8093,0.8923
171.4261,127.9944,0.7563,0.7031,0.7192,1.0
193.878,140.1044,0.6613,0.6928,0.9338,1.0
187.8661,136.203,0.6511,0.7158,0.7447,0.975
187.9385,134.8318,0.539,0.5251,0.7736,0.9064
184.3111,123.3967,0.6918,0.6574,0.8574,0.8872
200.5999,129.5534,0.6197,0.6221,0.876,1.0
194.3266,131.3813,0.7386,0.5791,0.7076,0.9211
204.0109,140.4007,0.7295,0.7302,0.7134,1.0
195.507,138.5328,0.7543,0.744,0.8425,0.8211
186.2712,123.8588,0.6445,0.5614,0.7708,1.0
179.3356,124.1484,0.8002,0.6952,0.8878,0.939
200.8087,146.5094,0.5545,0.6377,0.8437,0.7965
181.4958,129.938,0.7869,0.8335,0.87,0.9023
174.0437,117.081,0.8081,0.6068,0.8525,0.914
184.5001,115.3756,0.6947,0.7196,0.8511,0.9191
201.2161,146.3677,0.7742,0.8153,0.9233,1.0
177.0629,125.4706,0.8215,0.7912,0.7092,1.0
196.2664,133.1202,0.6729,0.6491,0.8348,1.0
177.3793,118.6314,0.7096,0.7585,0.7981,0.9219
188.8547,130.2364,0.8038,0.6106,0.8186,1.0
166.6887,109.9247,0.6482,0.7382,0.8628,1.0
204.7352,134.7506,0.7327,0.5041,0.8914,0.906
189.5712,125.2473,0.6304,0.6567,0.746,0.9584
191.3498,124.4481,0.6656,0.7423,0.7795,1.0
169.4997,118.6437,0.6736,0.7036,0.7651,0.9798
196.5982,139.8512,0.6501,0.8424,0.8654,0.8519
202.286,135.9263,0.769,0.7127,0.8387,0.923
189.4588,138.75,0.6537,0.7921,0.7198,0.8944
182.9499,123.2271,0.8014,0.7032,0.7903,0.9275
171.2212,119.625,0.6775,0.7537,0.7474,1.0
185.5217,130.6844,0.6892,0.7321,0.7815,0.9613
162.8542,113.6266,0.6976,0.7109,0.8417,1.0
182.9899,126.4778,0.7181,0.6639,0.941,1.0
190.8263,141.6004,0.528,0.7073,0.8209,0.8419
146.1874,92.5408,0.7144,0.6742,0.8243,0.9307
178.953,135.0941,0.8375,0.5869,0.9171,0.9919
178.1842,121.4664,0.6766,0.6387,0.9037,0.8871
176.7741,131.0734,0.7265,0.6079,0.7865,0.8647
186.0142,127.5183,0.8574,0.7107,0.9444,0.8868
173.4085,117.0949,0.7497,0.6104,0.7956,0.851
189.8189,131.2246,0.7249,0.8797,0.6959,1.0
182.3483,123.9431,0.6685,0.6815,0.8315,0.9158
186.9603,136.1104,0.7868,0.8174,0.8669,1.0
183.2507,122.3926,0.6234,0.7464,0.8225,0.8666
188.1051,131.3909,0.5374,0.4956,0.7698,0.9815
193.3202,135.0476,0.6824,0.7764,0.8098,0.9841
194.5075,144.4122,0.7383,0.7466,0.9383,0.9829
182.9284,137.3551,0.6161,0.5648,0.8135,1.0
190.7406,140.978,0.5993,0.5677,0.8654,0.8465
170.6191,122.527,0.866,0.8288,0.8374,0.9491
195.7195,136.9455,0.6591,0.6758,0.8299,1.0
164.7928,109.5059,0.7689,0.663,0.8867,1.0
187.3592,123.4439,0.7864,0.6758,0.8208,0.8978
192.3955,128.1863,0.6994,0.6794,0.8283,0.9573
153.9457,109.1127,0.6527,0.4876,0.875,0.9462
182.8389,132.028,0.787,0.7881,0.8317,1.0
156.9459,108.4721,0.7518,0.8964,0.8487,0.9505
163.7117,104.0912,0.7713,0.8338,0.8813,0.9083
179.8481,127.2139,0.7742,0.6324,0.9441,0.8075
179.6548,116.7067,0.7358,0.7537,0.773,0.8932
172.7091,124.9923,0.7727,0.8004,1.0,0.8391
189.3021,140.9839,0.782,0.8862,0.8412,0.9454
186.9622,135.0473,0.6741,0.5882,0.8099,0.8296
188.7094,133.1218,0.7982,0.5887,0.9156,0.9139
196.801,148.457,0.6899,0.739,0.8398,1.0
196.4221,141.9563,0.7213,0.8857,0.9161,0.903
178.0915,124.9426,0.7107,0.6629,0.76,0.8373
183.3099,119.3156,0.613,0.6124,0.8978,0.9176
178.1224,118.5751,0.6488,0.5375,0.8822,1.0
181.5264,124.7051,0.5466,0.7402,0.9179,0.9099
176.348,113.3757,0.6934,0.67,0.8606,1.0
172.0242,123.037,0.5596,0.77,0.8118,1.0
196.9062,118.5375,0.6694,0.6172,0.8447,0.8991
171.4101,106.7302,0.7086,0.5684,0.9063,1.0
185.7197,124.3233,0.6464,0.717,0.7494,0.9084
174.6364,109.0369,0.6349,0.6673,0.8367,0.8261
165.8464,112.3663,0.7593,0.7214,0.8443,0.9517
167.8396,111.5807,0.7571,0.635,0.7905,1.0
177.1255,129.6708,0.782,0.8504,0.7322,0.8944
196.4506,140.0633,0.6932,0.6386,0.8143,0.9637
165.1762,94.5111,0.6991,0.8307,0.7666,1.0
186.951,129.501,0.6809,0.6717,0.9097,0.9097
209.673,149.9059,0.7087,0.6735,0.9333,0.8719
173.2042,119.3379,0.7878,0.7727,0.9069,1.0
189.202,131.0499,0.7102,0.7021,0.7869,1.0
197.0679,136.8092,0.7942,0.7216,0.8438,0.9593
176.2801,119.8291,0.7071,0.6585,0.764,0.9617
189.7031,116.6583,0.7347,0.7058,0.9038,0.8942
178.6821,137.1042,0.7639,0.6872,0.8258,0.9101
172.9174,113.9293,0.6386,0.6596,0.7849,1.0
175.9012,125.3527,0.8106,0.5719,0.8518,0.8704
178.8572,129.1729,0.7404,0.8247,0.8848,0.9164
158.2914,97.573,0.6297,0.4633,0.892,0.8266
169.0361,110.312,0.7054,0.626,0.8894,0.8712
175.032,130.1974,0.6978,0.9724,0.8074,0.9625
190.0263,133.3261,0.7035,0.6953,0.8553,0.8966
211.1893,144.7588,0.6441,0.7623,0.8245,1.0
184.9881,126.181,0.6269,0.6321,0.8597,0.9862
184.877,128.5306,0.7217,0.6379,0.8333,0.9239
185.1806,129.8097,0.6831,0.5715,0.863,1.0
196.8505,135.5793,0.7266,0.7601,0.7449,1.0
194.6267,115.1945,0.6879,0.6819,0.89,0.8839
184.5539,130.2186,0.5433,0.5406,0.731,0.924
172.7932,117.5456,0.6805,0.58,0.7647,1.0
170.6721,116.2598,0.695,0.6633,0.7929,1.0
173.5376,118.0717,0.6543,0.7092,0.7774,0.9491
172.3836,124.6362,0.9281,0.8612,0.9251,0.8607
192.1681,141.7922,0.6747,0.9406,0.8905,1.0
182.1146,130.8323,0.6364,0.8298,0.8237,0.9944
177.8713,124.5362,0.6906,0.6481,0.7996,1.0
194.9535,135.7245,0.6283,0.6919,0.7676,0.8572
187.4356,134.0303,0.7463,0.9278,0.9064,0.8761
184.449,124.535,0.57,0.738,0.8675,0.8897
177.7431,124.6476,0.8325,0.7272,0.9341,0.8308
185.6503,126.0783,0.6741,0.6279,0.7725,0.9202
175.6434,114.8671,0.6153,0.706,0.8581,0.9416
202.803,131.3565,0.5981,0.5091,0.8579,0.9311
188.8489,130.9845,0.7522,0.5774,0.8139,0.9401
198.5142,134.682,0.7092,0.6699,0.8201,1.0
206.2388,140.6759,0.8446,0.8362,0.9001,0.9363
187.336,135.3107,0.7293,0.6213,0.8129,0.8214
176.8704,123.3543,0.735,0.7347,0.7465,1.0
186.355,117.4394,0.6462,0.5123,0.7952,0.9221
179.8075,114.021,0.7327,0.724,0.8534,0.8571
184.4786,126.3204,0.6851,0.6653,0.8606,0.9039
182.2249,121.7522,0.7982,0.7912,0.8626,1.0
188.1863,128.5405,0.6982,0.854,0.8432,1.0
193.0284,135.3877,0.7574,0.684,0.7833,0.9287
176.3247,113.4729,0.7474,0.6994,0.7927,1.0
192.7834,140.5083,0.6585,0.6651,0.8211,1.0
209.6328,155.4282,0.6903,0.7304,0.7954,1.0
196.8981,131.8461,0.6591,0.7203,0.843,0.8984
173.4086,119.9931,0.7579,0.7711,0.7659,0.9247
185.1044,139.0006,0.6778,0.7295,0.8029,0.9413
186.5432,120.0351,0.7612,0.7097,0.852,1.0
174.3301,118.3487,0.7421,0.7247,0.8597,0.9284
170.7136,116.1852,0.5845,0.7282,0.8263,0.8995
174.5731,117.8538,0.7332,0.6223,0.7218,1.0
186.0494,133.8815,0.6335,0.6894,0.8601,0.8024
182.1137,129.4205,0.7216,0.3918,0.8609,0.942
190.7904,138.5941,0.5988,0.6509,0.8212,0.8984
185.195,120.7837,0.677,0.5673,0.8088,0.9245
182.1809,124.5485,0.7808,0.5847,0.8434,0.9398
192.3655,134.4888,0.6634,0.5731,0.7301,0.9563
190.284,127.8634,0.6985,0.7372,0.915,0.89
181.4295,112.7128,0.7821,0.6482,0.8213,1.0
175.6411,127.6911,0.7811,0.6317,0.8723,0.9585
175.608,114.8202,0.7276,0.6967,0.815,0.9866
196.218,134.444,0.6386,0.6372,0.8035,1.0
201.9171,145.4051,0.6478,0.6938,0.6538,0.8813
171.4556,121.8191,0.6674,0.5911,0.8253,1.0
207.8818,139.9817,0.6841,0.586,0.8296,0.892
201.0991,129.291,0.541,0.6658,0.8598,1.0
196.0256,137.2008,0.7423,0.4885,0.8457,0.9297
170.8377,125.5284,0.6699,0.7855,0.7089,1.0
182.8836,128.838,0.8071,0.7647,0.8855,1.0
194.1564,130.6371,0.7022,0.8596,0.8493,0.8652
164.0041,124.3128,0.8244,0.8541,0.7676,0.7903
177.9897,126.8882,0.7603,0.8381,0.9417,0.9253
198.3496,140.96,0.7452,0.8857,0.9032,0.9541
173.9923,116.0581,0.791,0.805,0.8423,1.0
195.7486,141.8472,0.779,0.8267,0.9014,0.9458
191.1024,129.9124,0.7361,0.7248,0.8893,0.9176
183.8108,136.5086,0.8499,0.5522,0.9199,1.0
187.9496,133.3824,0.5583,0.6619,0.7903,0.8515
185.0459,129.3714,0.6524,0.8809,0.8557,0.939
189.9815,121.4716,0.6269,0.7125,0.8286,0.9342
183.3094,134.0505,0.7765,0.5039,0.787,0.8865
189.9881,127.5292,0.8008,0.6529,0.8053,0.9294
193.2031,119.4982,0.7295,0.7546,0.7544,0.7402
208.3233,153.6288,0.7084,0.8849,0.7424,1.0
204.8921,147.5434,0.7056,0.5723,0.7976,0.8938
179.1254,132.1684,0.8399,0.584,0.8866,1.0
194.6713,157.5355,0.7567,1.0,0.7531,1.0
189.1554,125.3791,0.4824,0.6033,0.8087,1.0
166.5975,110.8813,0.6288,0.596,0.75,0.8832
178.2903,129.8473,0.711,0.6733,0.944,0.943
164.4749,113.414,0.7696,0.744,0.7504,0.9785
167.2894,120.3285,0.7242,0.7591,0.8623,0.9308
198.7226,148.9902,0.6942,0.7802,0.8491,1.0
198.8237,132.5945,0.6728,0.666,0.8615,1.0
171.5598,118.0863,0.6431,0.5663,0.8065,0.9204
178.6847,123.6605,0.6552,0.7255,0.7273,0.9569
192.2256,136.1256,0.7643,0.6071,0.8784,0.9129
187.602,132.5099,0.7793,0.7098,0.8566,0.9083
180.393,114.8208,0.7849,0.683,0.8836,0.9664
173.5586,128.1292,0.6581,0.8441,0.8283,0.9169
185.3039,108.0323,0.7554,0.6513,0.8335,1.0
174.4276,126.713,0.6625,0.8538,0.8968,0.9633
174.6171,127.2774,0.5849,0.6327,0.7733,1.0
188.1094,132.072,0.7714,0.7259,0.9029,1.0
216.3508,156.9871,0.6474,0.7813,0.8899,0.9412
193.5557,136.5629,0.7327,0.6903,0.9321,1.0
171.8789,124.4428,0.6292,0.7304,0.7043,0.8628
176.1684,126.8676,0.7278,0.7281,0.8771,1.0
162.4697,117.7263,0.7691,0.903,0.9213,1.0
190.0532,133.8837,0.6755,0.6234,0.9058,0.8904
200.085,141.5626,0.6821,0.6687,0.8807,1.0
178.0043,118.5161,0.7785,0.8003,0.95,0.919
198.6929,123.7325,0.7451,0.6196,0.8337,0.9445
187.8385,141.2055,0.7122,0.8456,0.7769,0.9235
176.4834,123.6664,0.6671,0.7414,0.8454,0.9584
184.314,126.2813,0.8275,0.6988,0.9435,0.8774
183.7655,138.6876,0.7586,0.6885,0.7803,0.8683
210.0183,152.1917,0.4949,0.5876,0.789,0.9443
174.3991,119.2558,0.694,0.6331,0.8038,1.0
187.5312,139.8491,0.4529,0.6549,0.6945,0.8964
181.9666,123.1469,0.7027,0.594,0.8891,0.9832
198.3721,127.999,0.7502,0.7006,0.8305,1.0
196.2761,132.4679,0.7308,0.6994,0.8467,0.9596
181.1832,129.1572,0.7467,0.6493,0.8409,1.0
183.361,119.6039,0.7118,0.5623,0.8751,0.8139
165.4972,101.5414,0.6415,0.6442,0.8761,1.0
172.0536,119.8723,0.8215,0.6386,0.8439,0.7491
191.6567,125.4804,0.6845,0.7474,0.741,1.0
194.0127,130.4614,0.7103,0.6427,0.8343,0.868
177.6111,129.0923,0.7353,0.7681,0.8552,0.7917
189.2482,134.2974,0.7361,0.6618,0.9143,1.0
161.9272,113.0294,0.7457,0.6044,0.9544,1.0
170.5723,110.0759,0.6153,0.6048,0.8577,1.0
207.3741,143.6091,0.5429,0.741,0.8079,0.9561
172.4259,113.9062,0.6718,0.7597,0.8939,1.0
182.9047,127.6413,0.6746,0.7613,0.7525,0.8077
198.9148,141.5722,0.7281,0.7589,0.9382,0.9216
173.516,123.5135,0.6275,0.6755,0.6832,1.0
172.6077,118.4663,0.6146,0.6231,0.8365,0.9163
169.6786,117.7462,0.6846,0.7044,0.843,1.0
173.1394,118.9364,0.6694,0.7251,0.8693,0.9306
181.9686,134.4257,0.7666,0.7771,0.7303,1.0
186.8703,125.8627,0.557,0.5028,0.7944,0.9204
172.7042,119.7702,0.7327,0.539,0.8229,0.9336
178.5984,117.5836,0.7468,0.545,0.859,0.7941
177.7556,130.2532,0.6074,0.6063,0.7738,0.9269
168.6541,101.199,0.628,0.6318,0.9371,0.9166
179.7308,126.2103,0.6649,0.693,0.7763,1.0
190.7307,136.2785,0.5909,0.6883,0.8039,0.9335
159.2754,109.4018,0.745,0.8165,0.8496,0.927
206.9817,143.5498,0.6805,0.5875,0.7229,0.9673
198.9079,140.746,0.8335,0.6876,0.8595,1.0
167.8587,108.4834,0.7553,0.6989,0.7618,0.8818
184.792,126.7364,0.7076,0.6283,0.7667,0.9316
166.6295,112.9721,0.5709,0.7183,0.6616,0.9389
188.2402,134.5945,0.714,0.7029,0.9123,0.9428
186.4106,132.0897,0.78,0.6386,0.8666,0.9459
167.7553,116.1138,0.6262,0.5371,0.9544,0.7722
169.0362,114.7222,0.7191,0.5805,0.874,0.8387
198.2921,126.9934,0.6757,0.7184,0.7789,0.9405
168.9517,113.2657,0.6779,0.7883,0.8419,0.9082
194.9614,140.2251,0.7,0.6804,0.794,0.9566
176.1487,115.375,0.7931,0.7351,0.7718,1.0
202.3471,154.8989,0.7953,0.6344,0.7763,0.909
192.9328,132.7341,0.7269,0.6679,0.79,1.0
192.2844,136.3686,0.5024,0.483,0.7463,0.8416
179.6996,129.659,0.7769,0.6159,0.8752,0.8599
185.9312,138.356,0.7702,0.6194,0.9171,1.0
163.5297,110.0313,0.6805,0.8181,0.8788,0.8843
176.9174,123.9136,0.7597,0.7119,0.8675,1.0
168.391,120.0634,0.7716,0.809,0.7716,0.9609
183.6415,126.1385,0.7009,0.5743,0.8528,0.8983
177.1711,116.0248,0.6814,0.7195,0.8396,1.0
200.4843,144.73,0.6836,0.6161,0.9257,1.0
192.5565,146.7347,0.5727,0.6994,0.7326,0.9103
191.57,126.0372,0.7178,0.5088,0.9046,0.9192
191.4036,141.644,0.7307,0.718,0.8965,0.9406
175.6104,118.5572,0.7456,0.5449,0.813,0.9456
177.7996,123.0921,0.657,0.7736,0.9042,0.8905
170.2464,114.4461,0.7399,0.892,0.9046,0.9258
189.0582,126.6841,0.6377,0.5611,0.7894,0.9284
211.7458,150.2149,0.584,0.5299,0.8646,0.9464
179.1085,119.6749,0.6078,0.6889,0.8754,0.8458
193.369,124.1853,0.7097,0.8148,0.897,1.0
182.0983,128.75,0.8811,0.8112,0.8987,0.9306
200.7047,145.3947,0.6597,0.7922,0.8709,0.9008
177.7334,126.2724,0.7077,0.7367,0.8769,0.9552
205.7414,144.7181,0.6574,0.6933,0.869,1.0
176.9798,108.4065,0.7995,0.7038,0.8334,1.0
164.9078,109.5608,0.6085,0.6415,0.8246,1.0
163.165,117.1479,0.6939,0.5749,0.744,0.8212
169.493,113.5999,0.7861,0.6652,0.9349,0.9252
183.8847,120.7599,0.7204,0.5846,0.8868,0.9573
162.9112,104.1132,0.7852,0.7227,0.9196,1.0
182.8595,132.8421,0.6715,0.8027,0.8647,0.995
182.4391,120.7914,0.7377,0.7788,0.7958,0.8823
175.6234,119.3216,0.667,0.8148,0.7188,0.9607
185.279,115.9186,0.7735,0.6161,0.8461,0.943
177.4314,128.7366,0.7321,0.6956,0.8365,1.0
178.0511,125.3657,0.6202,0.7235,0.748,0.9373
168.6977,112.6703,0.7731,0.6938,0.8608,0.8311
196.5246,137.061,0.7199,0.7339,0.8601,0.7887
187.9593,125.0405,0.7095,0.6377,0.9043,0.8949
171.6924,113.5223,0.7613,0.7428,0.843,0.8849
199.7961,144.1072,0.7462,0.8087,0.9276,0.866
173.3752,127.6109,0.8456,0.8595,0.8456,0.9025
184.2705,133.9474,0.7351,0.5731,0.6881,1.0
189.1903,132.6052,0.7699,0.7937,0.8328,1.0
176.9223,117.892,0.705,0.7645,0.8477,1.0
182.3273,131.7948,0.8804,0.8343,0.9026,1.0
177.2728,123.6678,0.6905,0.6208,0.8048,0.9519
185.2945,127.9243,0.7172,0.5941,0.7973,1.0
157.6074,119.1469,0.8105,0.5955,0.846,1.0
176.4783,119.1177,0.7574,0.7199,0.9332,0.8061
182.9095,137.0137,0.6288,0.5155,0.7608,0.9109
185.0078,132.0049,0.8433,0.7671,0.9013,0.8409
188.2895,129.8454,0.6946,0.632,0.8076,0.9591
199.5882,149.7262,0.8718,0.5111,0.8629,0.9432
201.8262,146.9848,0.8153,0.7158,0.8715,1.0
177.6557,122.8329,0.7049,0.7244,0.8213,0.9821
181.7553,127.3884,0.8481,0.6189,0.8454,1.0
179.1332,129.2347,0.6574,0.8229,0.8527,1.0
174.0073,120.0677,0.625,0.7272,0.8528,1.0
191.6652,133.2775,0.692,0.5271,0.8632,0.8927
170.5861,128.2896,0.7628,0.6018,0.8287,1.0
193.7266,138.1785,0.8075,0.8159,0.8516,1.0
190.8476,131.075,0.6698,0.6393,0.8932,0.8655
174.7043,117.689,0.6644,0.7156,0.839,1.0
155.0799,101.6932,0.6593,0.6945,0.842,1.0
174.9001,113.6496,0.6674,0.6103,0.82,0.9456
168.3515,118.3785,0.8192,0.4096,1.0,1.0
197.4539,138.2464,0.6543,0.5963,0.7953,1.0
185.4101,139.2605,0.6789,0.5361,0.9255,1.0
183.6607,109.6729,0.5432,0.7849,0.8361,0.9608
152.546,103.224,0.7023,0.7221,0.9126,0.8547
186.2193,133.3563,0.6757,0.7959,0.7064,0.9113
203.6029,136.4524,0.7962,0.5776,0.9565,0.8757
161.4263,114.5955,0.5252,0.4957,0.7688,1.0
165.5224,111.8674,0.7175,0.6294,0.8108,1.0
172.1068,122.7003,0.6776,0.7735,0.7431,0.9199
186.9481,134.7768,0.7954,0.8691,0.8036,0.9627
160.8409,115.7845,0.7628,0.5743,0.8514,0.9915
184.4934,136.9218,0.7733,0.731,0.843,0.8915
187.484,135.6708,0.6656,0.5637,0.7679,1.0
154.594,105.2558,0.6504,0.8224,0.8058,0.9683
194.4968,139.4322,0.6665,0.6825,0.8403,0.9333
176.4042,118.5149,0.6468,0.6143,0.7856,1.0
195.0285,144.5641,0.7559,0.5483,0.8515,1.0
180.2026,121.9625,0.7179,0.5783,0.8754,1.0
168.2988,118.941,0.6556,0.656,0.8492,0.893
192.2474,141.1947,0.646,0.7829,0.7104,0.9273
179.1059,122.1663,0.661,0.5139,0.8502,0.7407
196.231,141.1127,0.6301,0.7686,0.7842,1.0
166.3432,112.1303,0.5634,0.6974,0.7426,1.0
177.2592,131.5152,0.7002,0.7095,0.734,1.0
162.0207,97.8534,0.756,0.5707,0.8912,0.9649
183.4723,131.4031,0.7786,0.7568,0.7664,0.8631
199.2645,130.2547,0.6518,0.5398,0.9094,1.0
169.9421,114.5562,0.7637,0.5636,0.837,0.9562
179.9039,120.2055,0.7556,0.7713,0.7845,1.0
168.3661,126.0178,0.7233,0.7837,0.9157,1.0
180.4977,119.6935,0.7684,0.6558,0.9248,0.9727
185.5942,136.1907,0.6214,0.6249,0.8288,0.9343
185.2139,125.2337,0.6908,0.6005,0.8899,1.0
197.5546,126.473,0.8051,0.6248,0.8878,0.8635
186.804,122.6464,0.6755,0.753,0.8482,1.0
175.7856,125.0004,0.5942,0.6516,0.768,0.9144
186.3313,118.1425,0.7039,0.6722,0.8186,0.9593
192.3472,136.5814,0.7342,0.739,0.8585,0.9266
179.0233,122.9856,0.7918,0.8392,0.8731,0.941
164.9475,106.5563,0.7163,0.625,0.8603,1.0
170.1568,109.6261,0.8113,0.6454,0.8678,0.9162
175.0927,114.0808,0.6298,0.5855,0.729,0.9626
172.8661,118.8268,0.8272,0.7014,0.856,0.938
212.9574,157.0223,0.571,0.6439,0.7067,0.9477
193.1919,129.5867,0.6653,0.7081,0.805,1.0
188.3182,129.6996,0.6594,0.6504,0.8383,0.9081
176.8657,121.4027,0.565,0.6814,0.8487,0.9222
186.8448,131.1037,0.6525,0.7464,0.8159,1.0
173.2421,116.4534,0.6119,0.8045,0.858,0.9766
171.5167,123.523,0.6941,0.6354,0.7922,0.9372
195.6301,136.972,0.6952,0.5422,0.7673,0.8687
179.0468,108.2994,0.662,0.5729,0.7994,0.9569
185.9421,133.3922,0.7106,0.5081,0.7564,1.0
173.6745,123.5434,0.6965,0.7109,0.8026,1.0
189.3932,134.2419,0.7011,0.8131,0.8444,0.786
197.6445,135.0386,0.6733,0.5475,0.8859,0.8794
172.3252,119.6676,0.832,0.832,0.879,0.937
187.9079,142.4863,0.7037,0.5053,0.8727,0.9125
195.6686,141.0895,0.7551,0.6891,0.9149,0.9745
177.2133,114.9745,0.8559,0.7251,0.9008,0.815
196.2371,141.7173,0.6763,0.6437,0.7578,0.9307
171.2091,114.6972,0.6404,0.7504,0.9287,0.9779
193.3261,132.3572,0.6475,0.6438,0.8203,0.8679
198.5377,149.6885,0.6781,0.6375,0.8585,0.9739
185.2764,128.9151,0.7915,0.743,0.9045,0.8883
172.6929,122.2784,0.6663,0.7633,0.8292,0.9937
180.9786,129.0259,0.6755,0.5084,0.8394,1.0
184.9078,135.5366,0.6131,0.802,0.8088,1.0
173.4685,110.8898,0.6703,0.7285,0.778,0.9578
212.8333,152.6448,0.7167,0.4933,0.8493,0.8935
209.0096,149.228,0.7221,0.6899,0.809,0.9371
179.2156,114.6946,0.5501,0.6767,0.8395,0.8869
160.2662,112.5893,0.7226,0.5578,0.8946,0.9988
181.2139,130.7747,0.6362,0.5893,0.7705,0.8546
169.5895,120.5324,0.7455,0.8148,0.9471,1.0
170.5285,105.1146,0.6735,0.5964,0.8313,0.9126
197.8513,153.0766,0.7649,0.6494,0.8906,0.9675
188.0886,123.0605,0.7893,0.7315,0.8749,0.8667
166.2519,108.3984,0.8319,0.8341,0.8482,1.0
171.1605,115.633,0.737,0.7183,0.7665,0.9173
194.7247,129.6947,0.5054,0.5166,0.7951,0.8489
179.4372,127.4061,0.6428,0.7594,0.8491,0.8366
181.8172,119.7359,0.5677,0.5514,0.6675,0.8735
189.9499,132.7238,0.8595,0.6927,0.9132,0.9422
177.4989,121.881,0.8805,0.6372,0.6858,0.9465
160.1781,107.6031,0.7042,0.7795,0.8924,0.8858
190.3149,134.0148,0.7683,0.636,0.7795,0.9783
176.473,111.1911,0.7291,0.735,0.7447,0.9064
177.1058,123.7243,0.5578,0.671,0.841,1.0
182.6458,125.5899,0.7145,0.7478,0.7332,1.0
182.4599,114.3735,0.6689,0.5867,0.7842,0.9487
189.4576,121.3189,0.7333,0.648,0.835,0.9344
179.9566,128.4167,0.6714,0.6644,0.6963,0.951
188.9895,116.0823,0.721,0.7103,0.8363,0.9479
190.5196,116.25,0.6935,0.6879,0.8568,0.9203
168.4571,122.7992,0.6108,0.8185,0.8778,1.0
211.4843,159.8837,0.7039,0.5469,0.7911,1.0
202.2129,137.9968,0.6569,0.6245,0.8625,0.941
184.4367,126.1515,0.8108,0.6701,0.9008,1.0
186.8589,135.0015,0.708,0.6172,0.7248,1.0
186.3475,118.2488,0.7936,0.6297,0.8955,1.0
170.5029,116.8328,0.811,0.6937,0.8367,1.0
190.6362,142.7867,0.6256,0.674,0.814,0.8122
188.491,137.2803,0.7291,0.5756,0.9185,1.0
196.9363,136.3104,0.6631,0.631,0.6105,0.9197
171.0263,107.2939,0.7386,0.6481,0.8192,0.9299
174.9646,113.689,0.7975,0.7113,0.8056,0.8371
177.1505,120.9138,0.7245,0.7022,0.8532,0.8643
193.7832,131.2035,0.6972,0.8241,0.8926,0.9182
176.5051,123.2431,0.7492,0.7378,0.8778,1.0
184.9491,131.379,0.5545,0.5879,0.7806,0.8289
177.5702,130.3602,0.7123,0.6187,0.9373,1.0
165.3662,105.6039,0.8014,0.6499,0.8898,1.0
169.6835,120.6253,0.7484,0.5759,0.8428,0.9234
177.298,111.3408,0.6282,0.6457,0.967,1.0
181.1272,130.0253,0.7714,0.7631,0.807,0.9336
180.2132,131.8568,0.6853,0.6328,0.8742,0.8966
174.6429,114.5155,0.6262,0.5777,0.8825,1.0
166.1993,104.5848,0.6261,0.6119,0.7505,0.9471
174.4708,129.1222,0.6761,0.6819,0.7355,0.9432
196.9267,136.2188,0.7464,0.7008,0.9187,0.9395
195.7541,139.6748,0.8034,0.6725,0.9131,1.0
178.5795,115.1283,0.6942,0.6581,0.8565,0.8781
175.0448,107.7237,0.5621,0.6614,0.8105,0.9341
166.2595,103.6649,0.629,0.6328,0.8847,0.8955
176.2575,124.2142,0.6863,0.5597,0.8288,0.9298
166.3196,117.077,0.5979,0.656,0.8225,0.9319
189.0322,128.3152,0.7035,0.7041,0.8043,1.0
190.0493,132.0602,0.6384,0.6929,0.8767,1.0
191.8205,133.784,0.7096,0.6497,0.8359,0.9291
174.5981,123.9845,0.6691,0.7373,0.7496,1.0
180.745,121.7725,0.5746,0.8985,0.8473,0.92
172.2162,118.5353,0.672,0.5483,0.7852,1.0
177.1716,123.4577,0.748,0.5403,0.7963,0.8309
179.8347,122.2762,0.6991,0.7154,0.8197,0.9467
184.4181,125.3141,0.799,0.6464,0.9215,1.0
195.1016,135.6676,0.6776,0.6487,0.8852,1.0
207.7644,135.0564,0.7142,0.5525,0.8034,0.9655
173.3229,121.9775,0.6379,0.7146,0.9369,0.903
161.8832,110.9579,0.7508,0.5873,0.8752,1.0
179.2294,113.3684,0.7196,0.7661,0.8181,1.0
187.7177,124.3832,0.6734,0.7392,0.8386,1.0
172.0062,116.4247,0.7358,0.5204,0.8966,1.0
168.6955,115.0892,0.8056,0.8439,0.872,0.9405
204.5771,153.7525,0.7107,0.6211,0.8635,1.0
196.4304,142.3135,0.6089,0.6632,0.7294,0.9152
193.2282,133.803,0.6038,0.6084,0.7209,0.9609
184.301,138.8955,0.8155,0.7489,0.8635,1.0
191.3289,132.5724,0.6352,0.664,0.7735,0.9201
183.0494,135.8191,0.5758,0.714,0.8514,0.8492
173.2599,109.6158,0.703,0.756,0.8367,1.0
183.5532,127.1144,0.7013,0.658,0.8502,0.9135
193.0197,122.6962,0.7547,0.7112,0.8201,0.97
178.8803,139.4181,0.7201,0.7453,0.8683,0.9754
205.6629,146.3421,0.6921,0.6662,0.9266,0.8385
192.4626,141.5512,0.6008,0.5192,0.7983,1.0
197.4166,143.955,0.6493,0.7663,0.7866,0.9303
170.5,129.0722,0.6278,0.6669,0.8093,1.0
190.4704,120.2829,0.6762,0.6975,0.864,0.9475
193.8133,139.6384,0.6869,0.7225,0.7557,1.0
178.0808,123.4603,0.658,0.5834,0.8622,1.0
183.2928,122.8053,0.6853,0.6332,0.8023,0.9766
181.8362,131.5567,0.6065,0.4927,0.7198,0.9351
180.0038,124.5485,0.7062,0.6278,0.81,1.0
176.1663,119.8184,0.7835,0.7278,0.7714,0.874
172.4858,124.0009,0.7163,0.5498,0.7963,0.9203
177.2814,127.8001,0.6285,0.7985,0.8537,0.9858
191.7622,132.3283,0.742,0.7257,0.8675,0.9531
201.0305,144.9949,0.7357,0.6899,0.7368,0.9155
187.0121,126.194,0.7872,0.737,0.8953,0.907
184.8249,129.8093,0.6738,0.5337,0.7201,0.9707
156.9259,101.8634,0.6261,0.854,0.8,1.0
171.9462,113.5327,0.7089,0.6428,0.8868,0.9981
187.8201,110.162,0.7206,0.7442,0.8178,0.9364
190.5563,136.602,0.6808,0.5429,0.8392,0.8988
176.9706,118.7147,0.6236,0.5667,0.731,0.9327
189.7887,134.2655,0.7511,0.6903,0.8212,0.7748
182.4528,125.3266,0.8323,0.8111,0.956,0.9315
174.7985,120.1625,0.5984,0.754,0.8906,0.9492
181.3798,133.4131,0.7421,0.7867,0.8232,1.0
179.3975,126.0073,0.779,0.7164,0.8195,1.0
206.6856,148.0335,0.7031,0.7758,0.783,0.8954
191.0475,141.2983,0.6759,0.8364,0.875,0.9823
182.3893,118.8005,0.8151,0.6466,0.8694,1.0
202.4633,143.3239,0.5685,0.5233,0.8715,0.9592
178.8932,130.493,0.6489,0.6898,0.7993,1.0
216.3009,150.1861,0.672,0.7554,0.7746,1.0
187.5113,138.4436,0.7451,0.728,0.845,0.9126
179.02,126.2554,0.7372,0.7015,0.9104,0.9575
179.5296,126.3504,0.7204,0.5752,0.8371,1.0
191.5133,132.6198,0.7342,0.6728,0.751,1.0
180.9123,126.9043,0.411,0.4805,0.8146,0.9573
187.3637,127.5617,0.7196,0.808,0.8358,1.0
170.9172,123.8149,0.7545,0.7229,0.9305,0.9326
195.1575,145.4869,0.7746,0.6778,0.8595,0.9394
194.944,142.147,0.5215,0.6275,0.7437,0.9199
174.4861,112.8365,0.673,0.6625,0.7927,0.9816
182.6244,131.0805,0.6851,0.7763,0.8228,1.0
186.069,133.2899,0.6519,0.8066,0.8029,0.9651
178.3489,129.1943,0.8096,0.7615,0.8269,0.9443
178.369,119.7778,0.6772,0.6927,0.7785,0.9441
164.1578,114.4151,0.5834,0.7898,0.8571,0.8942
172.126,116.4588,0.6857,0.7436,0.7956,0.8298
189.3954,140.6313,0.8587,0.7195,0.8364,0.9554
182.4846,129.7297,0.6757,0.6509,0.8215,0.9417
195.1245,131.0321,0.8229,0.7186,0.8603,0.9261
185.81,135.7264,0.5539,0.5777,0.7609,1.0
180.0141,118.2604,0.7419,0.7412,0.9634,1.0
184.2835,132.3978,0.694,0.7182,0.7937,0.9474
201.9906,140.9891,0.4854,0.6167,0.6718,0.9177
208.5463,148.1447,0.8265,0.504,0.7337,1.0
177.3214,128.9892,0.7625,0.7623,0.8923,1.0
162.1694,118.5149,0.6132,0.6833,0.7753,0.8723
205.6931,150.5872,0.8097,0.9268,0.9236,0.873
185.7744,136.234,0.7229,0.5859,0.7597,0.9784
164.5768,113.1415,0.6501,0.7084,0.8115,0.9269
173.2804,105.1808,0.7747,0.5714,0.8606,0.8824
178.9081,130.1468,0.8092,0.6393,0.8244,1.0
177.413,119.2047,0.6237,0.6445,0.8081,1.0
182.1999,127.4383,0.7839,0.6286,0.9034,1.0
182.5377,140.7254,0.7237,0.856,0.9429,0.8895
192.9926,127.3165,0.7614,0.5814,0.8727,0.9184
196.2104,126.4681,0.6522,0.577,0.8692,0.9338
177.3791,116.4297,0.7758,0.7615,0.7898,1.0
191.5694,128.7805,0.7438,0.6384,0.848,1.0
183.8461,118.2145,0.8215,0.6737,0.8652,1.0
165.7856,112.7991,0.6604,0.7963,0.8813,0.9095
182.7163,122.4745,0.6577,0.7296,0.7784,0.7774
194.5204,136.8754,0.7374,0.5701,0.7483,0.9243
192.5683,130.8104,0.6818,0.6086,0.9566,1.0
177.5513,124.9386,0.6601,0.7426,0.7986,1.0
187.5004,134.3307,0.6796,0.7031,0.8615,1.0
182.922,122.5642,0.7432,0.7183,0.8491,0.9227
188.4595,133.724,0.7772,0.8144,0.8418,0.918
177.8747,117.535,0.7332,0.6765,0.7677,1.0
178.3542,118.4976,0.7261,0.5987,0.7738,0.9869
179.5767,119.6463,0.6605,0.7465,0.9155,0.929
178.6951,126.2528,0.6159,0.5843,0.8896,0.9676
183.8338,121.4441,0.6116,0.4979,0.8748,0.8659
179.8273,113.7762,0.6674,0.6451,0.8425,1.0
156.4399,103.7642,0.8234,0.8391,0.8731,0.9049
184.5214,126.8198,0.6211,0.7754,0.8436,0.972
179.0788,134.3633,0.5053,0.4822,0.7088,0.9053
168.9485,111.2157,0.6389,0.7787,0.8169,0.9444
199.5769,151.6304,0.7184,0.6068,0.8094,0.9089
183.5542,126.5296,0.6822,0.7093,0.9228,0.9987
193.4685,136.6837,0.6854,0.5669,0.8772,1.0
197.2053,131.2054,0.6706,0.6226,0.8542,0.9393
191.5214,134.6767,0.8081,0.6082,0.9431,0.894
189.5616,140.3742,0.7004,0.5527,0.744,0.8548
170.281,113.5727,0.7032,0.6987,0.7957,0.8916
177.6374,117.9582,0.7398,0.6884,0.9452,1.0
185.6643,130.4075,0.8367,0.769,0.7215,0.8666
198.7653,138.3693,0.6602,0.7039,0.895,0.9516
161.7801,107.1861,0.7095,0.6833,0.8199,0.9393
182.7247,111.0992,0.7179,0.5521,0.7788,0.9307
178.5784,133.9606,0.6304,0.884,0.8639,0.9818
176.9873,107.4448,0.7006,0.5856,0.7445,0.8085
187.3132,122.7891,0.7085,0.6566,0.9143,0.9322
174.3898,127.0516,0.6457,0.608,0.7737,1.0
184.6136,116.8299,0.6889,0.5752,0.8393,0.9269
178.3551,112.3773,0.7463,0.7497,0.8586,1.0
186.0895,141.0163,0.8659,0.6692,0.9385,0.8946
185.4508,125.6706,0.7898,0.7449,0.8681,0.9456
189.6904,128.9931,0.7569,0.5822,0.8979,1.0
200.4479,153.1901,0.8142,0.8036,0.819,1.0
184.2107,127.0766,0.7103,0.6323,0.9344,1.0
179.848,131.0759,0.6536,0.7884,0.8493,0.8736
181.3969,134.6114,0.7523,0.5274,0.726,0.9118
191.2435,138.0511,0.7542,0.6945,0.8178,1.0
190.5313,138.112,0.5784,0.6908,0.8792,1.0
178.6354,120.3017,0.6952,0.7081,0.7748,0.9146
162.3361,110.8593,0.7406,0.7945,0.9141,0.9985
185.7963,125.2946,0.6624,0.6489,0.9549,0.9803
180.1063,118.2278,0.7858,0.7017,0.8329,1.0
184.1064,125.5899,0.7171,0.6875,0.8479,0.9425
162.1475,110.2267,0.6153,0.7499,0.8026,0.9654
157.592,114.5774,0.707,0.9667,0.8288,1.0
181.8123,123.0473,0.778,0.561,0.8046,1.0
164.9691,114.0342,0.6887,0.638,0.8856,0.9031
185.8465,116.5744,0.7278,0.6533,0.8954,0.7987
193.6905,149.1655,0.7839,0.8082,0.7972,0.9756
194.6499,135.2425,0.7295,0.6748,0.8026,0.9091
190.0195,127.3694,0.5723,0.6087,0.7774,0.941
198.1305,138.6002,0.7042,0.7195,0.7786,1.0
180.226,124.3092,0.5695,0.6363,0.8239,0.811
194.2006,139.7859,0.6025,0.6489,0.7885,1.0
174.8936,117.0722,0.7464,0.5604,0.8698,0.9595
183.3872,126.9767,0.5498,0.7148,0.8735,0.931
175.2944,117.8158,0.709,0.7052,0.9089,0.9427
166.4337,104.0613,0.7332,0.6552,0.9287,1.0
180.8455,129.5797,0.7299,0.7063,0.8234,0.8734
163.7081,108.2181,0.7347,0.6991,0.7681,0.8799
170.1284,119.5419,0.5764,0.6041,0.848,0.8878
180.7274,127.5278,0.6911,0.5071,0.8518,1.0
166.777,113.8488,0.6648,0.7018,0.8764,1.0
197.7533,141.3438,0.7058,0.8866,0.7648,0.8603
191.8786,130.4925,0.7393,0.7835,0.9201,0.9496
178.5309,113.3523,0.6981,0.7248,0.8348,0.9224
171.4337,128.0305,0.8275,0.7212,0.856,1.0
195.7507,136.0959,0.6603,0.8934,0.9384,1.0
173.8286,114.0733,0.7127,0.7135,0.8365,0.8303
187.8604,129.5863,0.615,0.6057,0.7042,1.0
185.7909,132.4148,0.7522,0.8198,0.796,0.9459
180.533,117.6343,0.6119,0.59,0.748,0.9438
189.4593,135.0319,0.7127,0.7622,0.9272,1.0
172.0057,115.2022,0.7963,0.8006,0.9064,0.9159
183.2358,135.3988,0.6402,0.8399,0.8453,0.9239
188.3732,128.4842,0.6057,0.6446,0.8352,0.7535
166.4305,114.0606,0.5248,0.517,0.8067,1.0
193.1984,133.0292,0.6236,0.587,0.6965,0.9421
197.7833,158.937,0.6615,0.6297,0.7448,1.0
178.6097,126.0313,0.7266,0.5827,0.8563,0.9887
175.0513,118.0522,0.7168,0.7055,0.7935,0.9567
183.9306,138.8394,0.6355,0.8555,0.8364,0.9134
169.323,110.9892,0.5236,0.5925,0.6595,0.787
181.0546,125.9485,0.5603,0.5991,0.8464,0.8634
187.6477,122.6713,0.8222,0.8178,0.7456,0.9464
175.6789,115.7764,0.7427,0.7961,0.7866,0.9204
173.8712,123.3435,0.6285,0.7609,0.6796,1.0
181.8204,124.0571,0.6888,0.814,0.8531,0.8815
171.2387,100.8184,0.7359,0.7035,0.8498,1.0
197.73,131.7456,0.69,0.7115,0.9505,1.0
206.3984,145.4251,0.6873,0.7982,0.8365,0.8387
213.1717,143.5416,0.7208,0.5871,0.8688,1.0
171.4673,112.5066,0.6079,0.6949,0.8099,1.0
168.6976,124.9255,0.5722,0.8454,0.8942,1.0
197.4168,145.9536,0.6352,0.7136,0.8992,1.0
177.6999,124.9189,0.6687,0.6753,0.8791,0.9564
194.3303,126.8937,0.6918,0.691,0.784,0.9336
188.6934,139.0564,0.8215,0.6609,0.7556,0.9237
183.306,122.8675,0.6206,0.7483,0.901,0.9361
178.348,120.5691,0.628,0.6703,0.8403,1.0
184.8553,134.1249,0.5417,0.6331,0.8043,0.9957
172.0402,121.1033,0.674,0.6241,0.9101,0.9093
173.5237,125.2846,0.6802,0.7806,0.8481,0.9282
167.0035,130.1027,0.6599,0.8487,0.8039,1.0
181.2097,120.3106,0.7482,0.5925,0.8514,0.875
194.0077,139.8491,0.6813,0.4612,0.7515,1.0
174.1848,114.0645,0.6688,0.6173,0.8718,0.9264
195.5947,145.1565,0.8066,0.7243,0.8518,0.9227
187.992,124.3378,0.6818,0.7214,0.6769,1.0
177.8045,120.413,0.6556,0.6324,0.8666,1.0
186.9235,134.1367,0.7744,0.7811,0.8462,0.9489
184.8408,125.7896,0.7198,0.7213,0.8134,1.0
167.9619,112.1761,0.7244,0.7486,0.8093,1.0
192.1895,141.3842,0.6811,0.8212,0.8369,0.8136
207.1281,130.0242,0.6835,0.6103,0.8861,0.8702
174.7934,127.6628,0.657,0.762,0.9079,0.9079
185.6617,120.0983,0.5238,0.5591,0.7272,0.9533
155.7916,110.9847,0.5725,0.6611,0.6956,0.9761
173.031,119.621,0.6546,0.6696,0.8224,0.9365
190.46,136.689,0.7872,0.6005,0.9049,0.8909
177.3198,115.5648,0.7108,0.5458,0.861,0.9626
195.5691,139.4517,0.6352,0.7405,0.809,1.0
186.9672,128.8773,0.7277,0.7939,0.8149,0.9398
194.0281,133.7933,0.5615,0.7041,0.7928,0.926
168.3379,117.5609,0.7058,0.7514,0.8703,1.0
179.9959,131.7663,0.6245,0.6993,0.7862,0.9054
178.7069,119.8929,0.6216,0.6618,0.8197,0.9323
182.2762,124.3114,0.6115,0.6151,0.8627,1.0
181.9726,113.8555,0.6315,0.6111,0.9295,1.0
160.7387,113.0137,0.6266,0.6041,0.8403,0.9193
200.2121,136.6917,0.6497,0.6635,0.9093,0.9367
181.1976,118.9938,0.6555,0.8141,0.8026,1.0
172.3733,115.3075,0.6634,0.6516,0.8697,0.9658
184.5997,124.1292,0.6442,0.8222,0.8378,1.0
195.5328,134.9841,0.7145,0.7384,0.9209,1.0
174.7722,112.1805,0.7627,0.6419,0.8157,0.8127
179.4037,128.0669,0.7938,0.7115,0.9413,1.0
179.2569,124.101,0.6896,0.7836,0.9185,1.0
188.4499,137.9248,0.7754,0.7413,0.8271,0.9134
187.34,134.5342,0.5191,0.5585,0.8124,1.0
196.8852,135.8037,0.5859,0.5304,0.8063,0.8859
182.7494,125.4404,0.7255,0.6924,0.7697,0.863
179.0454,114.9173,0.5891,0.7922,0.8352,1.0
166.8897,125.3269,0.6935,0.7532,0.8073,0.9703
183.4176,125.8511,0.6917,0.6319,0.873,0.9111
181.8784,125.561,0.7395,0.4814,0.8782,0.9415
186.3295,135.9599,0.8598,0.7671,0.8598,0.9107
191.4625,122.171,0.7146,0.6614,0.876,1.0
188.5264,121.5583,0.692,0.5678,0.7841,0.9247
166.9807,112.6985,0.6249,0.5577,0.8151,0.9252
194.6355,126.0677,0.7515,0.6921,0.8865,0.96
187.7514,133.1606,0.6393,0.5121,0.913,1.0
197.0677,131.6178,0.6883,0.5388,0.8726,1.0
210.2385,160.7206,0.5834,0.7486,0.7902,0.9126
168.3302,117.7992,0.7467,0.6012,0.773,0.9577
199.1944,148.3548,0.674,0.8048,0.8434,0.9488
192.1428,128.5872,0.7192,0.5566,0.8697,1.0
177.1185,124.0271,0.6363,0.4814,0.819,0.9136
189.9585,130.8532,0.5946,0.6747,0.8387,1.0
179.5903,116.6353,0.7894,0.4941,0.8318,1.0
199.7146,147.7353,0.7358,0.8518,0.7018,1.0
196.2769,138.371,0.666,0.6868,0.7667,0.9616
176.6016,114.7611,0.6801,0.5521,0.8666,1.0
189.6423,137.1784,0.7573,0.8496,0.8445,0.8921
178.7602,106.3115,0.7296,0.719,0.9013,1.0
188.1176,121.6755,0.778,0.7463,0.8536,0.9661
192.322,124.9225,0.5662,0.7695,0.7645,0.9791
181.1526,127.3542,0.6407,0.8826,0.8179,0.9517
201.8651,129.9831,0.8108,0.761,0.8019,0.9272
184.9726,131.3037,0.8284,0.729,0.9405,0.8295
177.805,122.4,0.739,0.7609,0.905,0.9263
193.7149,135.6912,0.6078,0.5593,0.7961,1.0
164.032,113.1357,0.6867,0.7186,0.7931,1.0
184.7802,121.3717,0.7282,0.5884,0.7364,0.8454
186.2841,125.5046,0.7108,0.374,0.8224,0.8935
175.3587,131.0519,0.7798,0.5427,0.7506,0.872
195.7956,144.2953,0.6382,0.818,0.794,0.7084
188.3056,124.1137,0.6681,0.5354,0.9266,1.0
184.9487,130.971,0.6093,0.7785,0.8533,0.8493
190.6454,133.2408,0.7907,0.6274,0.9157,1.0
182.0673,132.6547,0.6016,0.7544,0.8579,1.0
192.321,138.099,0.7752,0.7859,0.8945,1.0
181.8026,135.8519,0.666,0.6791,0.7955,0.8555
194.3424,134.1816,0.7146,0.7783,0.9199,1.0
182.2125,125.6541,0.6798,0.7635,0.8655,0.9705
177.6977,110.6424,0.7441,0.75,0.9269,0.8532
179.2649,117.6824,0.7836,0.6095,0.9257,0.9189
